case_id,primary_pool,source_family,source_detail,origin_kind,current_maturity,benchmark_line,package_engineering_status,validated_engines,tri_engine_closure,formal_skeleton_status,release_grade_status,admission_status,next_gap,current_role,archetype_status,dataset_line,promotion_status,admission_blockers,last_review_doc,last_updated,notes_link
PERF_0001,performance,manual_smoke,manual_smoke 锚点（非外部 benchmark）,manual,stable pilot anchor,pilot_anchor,anchor package; 尚未按 formal skeleton validator 全量回扫,pg|mysql|spark,yes,not_backfilled,not_assessed,none_needed,后续统一 package 工艺后再做 schema/validator 回扫,smoke_pipeline_anchor,archetype_complete,common-core,not_applicable_anchor,none_current,NA_anchor,2026-04-18,docs/EXECUTION_STATUS.md
PERF_0002,performance,TPC-DS,query53.tpl，经 dsqgen materialize 成实例,external,admitted external common-core,common-core,formal skeleton complete; release-grade incomplete,pg|mysql|spark,yes,complete,incomplete,admitted,补 canonical AST / logical IR / SQL span→logical→physical mapping；做 characterization / stabilization,first_external_perf_reference,admitted_common_core,common-core,admitted_common_core,none_current,benchmark_spec/reviews/BATCH1_EXTERNAL_CASE_REVIEW_v1.md,2026-04-18,docs/EXECUTION_STATUS.md
PERF_0003,performance,JOB,IMDB 27a.sql,external,PG + MySQL validated performance draft with positive/negative pair,staged,formal skeleton complete; release-grade incomplete（PG + MySQL validated；Spark not closed）,pg|mysql,no,complete,incomplete,staged_not_yet_admitted,补 Spark closure；再决定是否推进 common-core candidate,pg_validated_perf_draft,witness_validated,not_yet_admitted,not_under_review,missing_spark_closure_or_formal_review,NA_not_reviewed,2026-04-18,docs/EXECUTION_STATUS.md
PERF_0004,performance,JOB,IMDB 30b.sql,external,PG validated performance draft with positive/negative pair,staged,formal skeleton complete; release-grade incomplete（PG-only validated）,pg,no,complete,incomplete,staged_not_yet_admitted,补 MySQL / Spark closure；优先看是否复用 PERF_0003 的跨引擎扩展工艺,pg_validated_perf_draft,witness_validated,not_yet_admitted,not_under_review,missing_mysql_and_spark_closure,NA_not_reviewed,2026-04-18,docs/EXECUTION_STATUS.md
PERF_0005,performance,TPC-DS,"query52.tpl；manual freeze from TPC-DS template（MONTH=11,YEAR=2001,LIMIT=100）",external,PG witness-validated performance draft with positive/negative pair and PG plan artifacts,staged,formal skeleton complete；release-grade incomplete（PG-only witness validated + PG plans）,pg,no,complete,incomplete,staged_not_yet_admitted,推进 MySQL / Spark closure，并补剩余 package hardening,pg_witness_validated_perf_draft,witness_validated,not_yet_admitted,not_under_review,missing_mysql_and_spark_closure_and_release_hardening,NA_not_reviewed,2026-04-22,cases/PERF/PERF_0005/manifest.yaml
PERF_0006,performance,TPC-H,"query1.sql；TPC-H Query 1 / Pricing Summary Report Query；manual freeze from qgen template（:1=96 days, cutoff 1998-08-27）",external,PG + MySQL + Spark witness-validated performance draft with positive/negative pair and PG/MySQL/Spark plan artifacts,staged,formal skeleton complete；release-grade incomplete（PG + MySQL + Spark witness validated + PG/MySQL/Spark plans）,pg|mysql|spark,yes,complete,incomplete,staged_not_yet_admitted,后续如需推进，再决定是否推进 common-core candidate,pg_witness_validated_perf_draft,witness_validated,not_yet_admitted,not_under_review,missing_formal_review_only,NA_not_reviewed,2026-04-30,cases/PERF/PERF_0006/runs/plan_check.json
PERF_0007,performance,TPC-H,query6.sql；TPC-H Query 6 / Forecasting Revenue Change Query；manual frozen instance（:1=1995-01-01；:2=0.09；:3=25；:n -1=no row limit）,external,PG + MySQL + Spark witness-validated performance draft with positive/negative pair and PG/MySQL/Spark plan artifacts,staged,formal skeleton complete；release-grade incomplete（PG + MySQL + Spark witness validated + PG/MySQL/Spark plans）,pg|mysql|spark,yes,complete,incomplete,staged_not_yet_admitted,后续如需推进，再决定是否推进 common-core candidate,pg_witness_validated_perf_draft,witness_validated,not_yet_admitted,not_under_review,missing_formal_review_only,NA_not_reviewed,2026-04-30,cases/PERF/PERF_0007/runs/plan_check.json
PERF_0008,performance,TPC-H,query3.sql；TPC-H Query 3 / Shipping Priority Query；manual frozen instance（:1=MACHINERY；:2=1995-03-27；:n 10=LIMIT 10）,external,PG + MySQL + Spark witness-validated performance draft with positive/negative pair and PG/MySQL/Spark plan artifacts,staged,formal skeleton complete；release-grade incomplete（PG + MySQL + Spark witness validated + PG/MySQL/Spark plans）,pg|mysql|spark,yes,complete,incomplete,staged_not_yet_admitted,后续如需推进，再决定是否推进 common-core candidate,pg_witness_validated_perf_draft,witness_validated,not_yet_admitted,not_under_review,missing_formal_review_only,NA_not_reviewed,2026-04-30,cases/PERF/PERF_0008/runs/plan_check.json
PERF_0009,performance,TPC-H,query4.sql；TPC-H Query 4 / Order Priority Checking Query；manual frozen instance（:1=1996-11-01；:n -1=no row limit）,external,PG + MySQL + Spark witness-validated performance draft with positive/negative pair and PG/MySQL/Spark plan artifacts,staged,formal skeleton complete；release-grade incomplete（PG + MySQL + Spark witness validated + PG/MySQL/Spark plans）,pg|mysql|spark,yes,complete,incomplete,staged_not_yet_admitted,后续如需推进，再决定是否推进 common-core candidate,pg_witness_validated_perf_draft,witness_validated,not_yet_admitted,not_under_review,missing_formal_review_only,NA_not_reviewed,2026-04-30,cases/PERF/PERF_0009/runs/plan_check.json
PERF_0010,performance,TPC-H,query12.sql；TPC-H Query 12 / Shipping Modes and Order Priority Query；manual frozen instance（:1=REG AIR；:2=RAIL；:3=1993-01-01；:n -1=no row limit）,external,PG + MySQL + Spark witness-validated performance draft with positive/negative pair and PG/MySQL/Spark plan artifacts,staged,formal skeleton complete；release-grade incomplete（PG + MySQL + Spark witness validated + PG/MySQL/Spark plans）,pg|mysql|spark,yes,complete,incomplete,staged_not_yet_admitted,后续如需推进，再决定是否推进 common-core candidate,pg_witness_validated_perf_draft,witness_validated,not_yet_admitted,not_under_review,missing_formal_review_only,NA_not_reviewed,2026-04-30,cases/PERF/PERF_0010/runs/plan_check.json
PERF_0011,performance,TPC-H,query14.sql；TPC-H Query 14 / Promotion Effect Query；manual frozen instance（:1=1997-03-01；:n -1=no row limit）,external,PG + MySQL + Spark witness-validated performance draft with positive/negative pair and PG/MySQL/Spark plan artifacts,staged,formal skeleton complete；release-grade incomplete（PG + MySQL + Spark witness validated + PG/MySQL/Spark plans）,pg|mysql|spark,yes,complete,incomplete,staged_not_yet_admitted,后续如需推进，再决定是否推进 common-core candidate,pg_witness_validated_perf_draft,witness_validated,not_yet_admitted,not_under_review,missing_formal_review_only,NA_not_reviewed,2026-04-30,cases/PERF/PERF_0011/runs/plan_check.json
PERF_0012,performance,TPC-H,query2.sql；TPC-H Query 2 / Minimum Cost Supplier Query；manual frozen instance（:1=25；:2=TIN；:3=MIDDLE EAST；:n 100=LIMIT 100）,external,PG + MySQL + Spark witness-validated performance draft with positive/negative pair and PG/MySQL/Spark plan artifacts,staged,formal skeleton complete；release-grade incomplete（PG + MySQL + Spark witness validated + PG/MySQL/Spark plans）,pg|mysql|spark,yes,complete,incomplete,staged_not_yet_admitted,后续如需推进，再决定是否推进 common-core candidate,pg_witness_validated_perf_draft,witness_validated,not_yet_admitted,not_under_review,missing_formal_review_only,NA_not_reviewed,2026-04-30,cases/PERF/PERF_0012/runs/plan_check.json
PERF_0013,performance,TPC-H,query5.sql；TPC-H Query 5 / Local Supplier Volume Query；manual frozen instance（:1=MIDDLE EAST；:2=1997-01-01；:n -1=no row limit）,external,PG + MySQL + Spark witness-validated performance draft with positive/negative pair and PG/MySQL/Spark plan artifacts,staged,formal skeleton complete；release-grade incomplete（PG + MySQL + Spark witness validated + PG/MySQL/Spark plans）,pg|mysql|spark,yes,complete,incomplete,staged_not_yet_admitted,后续如需推进，再决定是否推进 common-core candidate,pg_witness_validated_perf_draft,witness_validated,not_yet_admitted,not_under_review,missing_formal_review_only,NA_not_reviewed,2026-04-30,cases/PERF/PERF_0013/runs/plan_check.json
PERF_0014,performance,TPC-H,query7.sql；TPC-H Query 7 / Volume Shipping Query；manual frozen instance（:1=BRAZIL；:2=MOROCCO；:n -1=no row limit）,external,PG + MySQL + Spark witness-validated performance draft with positive/negative pair and PG/MySQL/Spark plan artifacts,staged,formal skeleton complete；release-grade incomplete（PG + MySQL + Spark witness validated + PG/MySQL/Spark plans）,pg|mysql|spark,yes,complete,incomplete,staged_not_yet_admitted,后续如需推进，再决定是否推进 common-core candidate,pg_witness_validated_perf_draft,witness_validated,not_yet_admitted,not_under_review,missing_formal_review_only,NA_not_reviewed,2026-04-30,cases/PERF/PERF_0014/runs/plan_check.json
PERF_0015,performance,TPC-H,query8.sql；TPC-H Query 8 / National Market Share Query；manual frozen instance（:1=IRAN；:2=MIDDLE EAST；:3=MEDIUM POLISHED STEEL；:n -1=no row limit）,external,PG + MySQL + Spark witness-validated performance draft with positive/negative pair and PG/MySQL/Spark plan artifacts,staged,formal skeleton complete；release-grade incomplete（PG + MySQL + Spark witness validated + PG/MySQL/Spark plans）,pg|mysql|spark,yes,complete,incomplete,staged_not_yet_admitted,后续如需推进，再决定是否推进 common-core candidate,pg_witness_validated_perf_draft,witness_validated,not_yet_admitted,not_under_review,missing_formal_review_only,NA_not_reviewed,2026-04-30,cases/PERF/PERF_0015/runs/plan_check.json
PERF_0016,performance,TPC-H,query9.sql；TPC-H Query 9 / Product Type Profit Measure Query；manual frozen instance（:1=turquoise；:n -1=no row limit）,external,PG + MySQL + Spark witness-validated performance draft with positive/negative pair and PG/MySQL/Spark plan artifacts,staged,formal skeleton complete；release-grade incomplete（PG + MySQL + Spark witness validated + PG/MySQL/Spark plans）,pg|mysql|spark,yes,complete,incomplete,staged_not_yet_admitted,后续如需推进，再决定是否推进 common-core candidate,pg_witness_validated_perf_draft,witness_validated,not_yet_admitted,not_under_review,missing_formal_review_only,NA_not_reviewed,2026-04-30,cases/PERF/PERF_0016/runs/plan_check.json
PERF_0017,performance,TPC-H,query10.sql；TPC-H Query 10 / Returned Item Reporting Query；manual frozen instance（:1=1993-11-01；:n 20=LIMIT 20）,external,PG + MySQL + Spark witness-validated performance draft with positive/negative pair and PG/MySQL/Spark plan artifacts,staged,formal skeleton complete；release-grade incomplete（PG + MySQL + Spark witness validated + PG/MySQL/Spark plans）,pg|mysql|spark,yes,complete,incomplete,staged_not_yet_admitted,后续如需推进，再决定是否推进 common-core candidate,pg_witness_validated_perf_draft,witness_validated,not_yet_admitted,not_under_review,missing_formal_review_only,NA_not_reviewed,2026-04-30,cases/PERF/PERF_0017/runs/plan_check.json
PERF_0018,performance,TPC-H,query11.sql；TPC-H Query 11 / Important Stock Identification Query；manual frozen instance（:1=EGYPT；:2=0.0001000000；:n -1=no row limit）,external,PG + MySQL + Spark witness-validated performance draft with positive/negative pair and PG/MySQL/Spark plan artifacts,staged,formal skeleton complete；release-grade incomplete（PG + MySQL + Spark witness validated + PG/MySQL/Spark plans）,pg|mysql|spark,yes,complete,incomplete,staged_not_yet_admitted,后续如需推进，再决定是否推进 common-core candidate,pg_witness_validated_perf_draft,witness_validated,not_yet_admitted,not_under_review,missing_formal_review_only,NA_not_reviewed,2026-04-30,cases/PERF/PERF_0018/runs/plan_check.json
PERF_0019,performance,TPC-H,query13.sql；TPC-H Query 13 / Customer Distribution Query；manual frozen instance（:1=express；:2=deposits；:n -1=no row limit）,external,PG + MySQL + Spark witness-validated performance draft with positive/negative pair and PG/MySQL/Spark plan artifacts,staged,formal skeleton complete；release-grade incomplete（PG + MySQL + Spark witness validated + PG/MySQL/Spark plans）,pg|mysql|spark,yes,complete,incomplete,staged_not_yet_admitted,后续如需推进，再决定是否推进 common-core candidate,pg_witness_validated_perf_draft,witness_validated,not_yet_admitted,not_under_review,missing_formal_review_only,NA_not_reviewed,2026-04-30,cases/PERF/PERF_0019/runs/plan_check.json
PERF_0020,performance,TPC-H,query16.sql；TPC-H Query 16 / Parts/Supplier Relationship Query；manual frozen instance（:1=Brand#22；:2=SMALL POLISHED；sizes=42/9/18/29/36/6/24/17；:n -1=no row limit）,external,PG + MySQL + Spark witness-validated performance draft with positive/negative pair and PG/MySQL/Spark plan artifacts,staged,formal skeleton complete；release-grade incomplete（PG + MySQL + Spark witness validated + PG/MySQL/Spark plans）,pg|mysql|spark,yes,complete,incomplete,staged_not_yet_admitted,后续如需推进，再决定是否推进 common-core candidate,pg_witness_validated_perf_draft,witness_validated,not_yet_admitted,not_under_review,missing_formal_review_only,NA_not_reviewed,2026-04-30,cases/PERF/PERF_0020/runs/plan_check.json
PERF_0021,performance,TPC-H,query17.sql；TPC-H Query 17 / Small-Quantity-Order Revenue Query；manual frozen instance（:1=Brand#31；:2=JUMBO CASE；:n -1=no row limit）,external,PG + MySQL + Spark witness-validated performance draft with positive/negative pair and PG/MySQL/Spark plan artifacts,staged,formal skeleton complete；release-grade incomplete（PG + MySQL + Spark witness validated + PG/MySQL/Spark plans）,pg|mysql|spark,yes,complete,incomplete,staged_not_yet_admitted,后续如需推进，再决定是否推进 common-core candidate,pg_witness_validated_perf_draft,witness_validated,not_yet_admitted,not_under_review,missing_formal_review_only,NA_not_reviewed,2026-04-30,cases/PERF/PERF_0021/runs/plan_check.json
PERF_0022,performance,TPC-H,query18.sql；TPC-H Query 18 / Large Volume Customer Query；manual frozen instance（:1=312；:n 100=LIMIT 100）,external,PG + MySQL + Spark witness-validated performance draft with positive/negative pair and PG/MySQL/Spark plan artifacts,staged,formal skeleton complete；release-grade incomplete（PG + MySQL + Spark witness validated + PG/MySQL/Spark plans）,pg|mysql|spark,yes,complete,incomplete,staged_not_yet_admitted,后续如需推进，再决定是否推进 common-core candidate,pg_witness_validated_perf_draft,witness_validated,not_yet_admitted,not_under_review,missing_formal_review_only,NA_not_reviewed,2026-04-30,cases/PERF/PERF_0022/runs/plan_check.json
PERF_0023,performance,TPC-H,query19.sql；TPC-H Query 19 / Discounted Revenue Query；manual frozen instance（:1=Brand#14；:2=Brand#13；:3=Brand#22；:4=5；:5=17；:6=29；:n -1=no row limit）,external,PG + MySQL + Spark witness-validated performance draft with positive/negative pair and PG/MySQL/Spark plan artifacts,staged,formal skeleton complete；release-grade incomplete（PG + MySQL + Spark witness validated + PG/MySQL/Spark plans）,pg|mysql|spark,yes,complete,incomplete,staged_not_yet_admitted,后续如需推进，再决定是否推进 common-core candidate,pg_witness_validated_perf_draft,witness_validated,not_yet_admitted,not_under_review,missing_formal_review_only,NA_not_reviewed,2026-04-30,cases/PERF/PERF_0023/runs/plan_check.json
PERF_0024,performance,TPC-H,query20.sql；TPC-H Query 20 / Potential Part Promotion Query；manual frozen instance（:1=pale；:2=1997-01-01；:3=BRAZIL；:n -1=no row limit）,external,PG + MySQL + Spark witness-validated performance draft with positive/negative pair and PG/MySQL/Spark plan artifacts,staged,formal skeleton complete；release-grade incomplete（PG + MySQL + Spark witness validated + PG/MySQL/Spark plans）,pg|mysql|spark,yes,complete,incomplete,staged_not_yet_admitted,后续如需推进，再决定是否推进 common-core candidate,pg_witness_validated_perf_draft,witness_validated,not_yet_admitted,not_under_review,missing_formal_review_only,NA_not_reviewed,2026-04-30,cases/PERF/PERF_0024/runs/plan_check.json
PERF_0025,performance,TPC-H,query21.sql；TPC-H Query 21 / Suppliers Who Kept Orders Waiting Query；manual frozen instance（:1=IRAQ；:n 100=LIMIT 100）,external,PG + MySQL + Spark witness-validated performance draft with positive/negative pair and PG/MySQL/Spark plan artifacts,staged,formal skeleton complete；release-grade incomplete（PG + MySQL + Spark witness validated + PG/MySQL/Spark plans）,pg|mysql|spark,yes,complete,incomplete,staged_not_yet_admitted,后续如需推进，再决定是否推进 common-core candidate,pg_witness_validated_perf_draft,witness_validated,not_yet_admitted,not_under_review,missing_formal_review_only,NA_not_reviewed,2026-04-30,cases/PERF/PERF_0025/runs/plan_check.json
PERF_0026,performance,TPC-H,query22.sql；TPC-H Query 22 / Global Sales Opportunity Query；manual frozen instance（country codes=19/29/21/25/16/10/14；:n -1=no row limit）,external,PG + MySQL + Spark witness-validated performance draft with positive/negative pair and PG/MySQL/Spark plan artifacts,staged,formal skeleton complete；release-grade incomplete（PG + MySQL + Spark witness validated + PG/MySQL/Spark plans）,pg|mysql|spark,yes,complete,incomplete,staged_not_yet_admitted,后续如需推进，再决定是否推进 common-core candidate,pg_witness_validated_perf_draft,witness_validated,not_yet_admitted,not_under_review,missing_formal_review_only,NA_not_reviewed,2026-04-30,cases/PERF/PERF_0026/runs/plan_check.json
PERF_0027,performance,TPC-H,query8 Variant A；TPC-H Query 8 / National Market Share Query；manual frozen instance（:1=IRAN；:2=MIDDLE EAST；:3=MEDIUM POLISHED STEEL；:n -1=no row limit）,external,PG + MySQL + Spark witness-validated performance draft with positive/negative pair and PG/MySQL/Spark plan artifacts,not_assessed,formal skeleton complete；release-grade incomplete（PG + MySQL + Spark witness validated + PG/MySQL/Spark plans）,pg|mysql|spark,yes,complete,incomplete,not_assessed,后续如需推进，再决定是否推进 common-core candidate,pg_witness_validated_perf_draft,witness_validated,not_assessed,not_assessed,missing_formal_review_only,NA_not_reviewed,2026-04-20,cases/PERF/PERF_0027/manifest.yaml
PERF_0028,performance,TPC-H,query12 Variant A；TPC-H Query 12 / Shipping Modes and Order Priority Query；manual frozen instance（:1=REG AIR；:2=RAIL；:3=1993-01-01；:n -1=no row limit）,external,PG + MySQL + Spark witness-validated performance draft with positive/negative pair and PG/MySQL/Spark plan artifacts,not_assessed,formal skeleton complete；release-grade incomplete（PG + MySQL + Spark witness validated + PG/MySQL/Spark plans）,pg|mysql|spark,yes,complete,incomplete,not_assessed,后续如需推进，再决定是否推进 common-core candidate,pg_witness_validated_perf_draft,witness_validated,not_assessed,not_assessed,missing_formal_review_only,NA_not_reviewed,2026-04-20,cases/PERF/PERF_0028/manifest.yaml
PERF_0029,performance,TPC-H,query13 Variant A；TPC-H Query 13 / Customer Distribution Query；manual frozen instance（:1=express；:2=deposits；:n -1=no row limit）,external,PG witness-validated performance draft with positive/negative pair and PG plan artifacts,not_assessed,formal skeleton complete；release-grade incomplete（PG-only witness validated + PG plans）,pg,not_assessed,complete,incomplete,not_assessed,推进 MySQL / Spark closure，并补剩余 package hardening,pg_witness_validated_perf_draft,witness_validated,not_assessed,not_assessed,missing_mysql_and_spark_closure_and_release_hardening,NA_not_reviewed,2026-04-20,cases/PERF/PERF_0029/manifest.yaml
PERF_0030,performance,TPC-H,query14 Variant A；TPC-H Query 14 / Promotion Effect Query；manual frozen instance（:1=1997-03-01；:n -1=no row limit）,external,PG + MySQL + Spark witness-validated performance draft with positive/negative pair and PG/MySQL/Spark plan artifacts,not_assessed,formal skeleton complete；release-grade incomplete（PG + MySQL + Spark witness validated + PG/MySQL/Spark plans）,pg|mysql|spark,yes,complete,incomplete,not_assessed,后续如需推进，再决定是否推进 common-core candidate,pg_witness_validated_perf_draft,witness_validated,not_assessed,not_assessed,missing_formal_review_only,NA_not_reviewed,2026-04-20,cases/PERF/PERF_0030/manifest.yaml
PERF_0031,performance,TPC-H,query15 Variant A；TPC-H Query 15 / Top Supplier Query；manual frozen instance（:1=1994-06-01；:n -1=no row limit）,external,PG + MySQL + Spark witness-validated performance draft with positive/negative pair and PG/MySQL/Spark plan artifacts,not_assessed,formal skeleton complete；release-grade incomplete（PG + MySQL + Spark witness validated + PG/MySQL/Spark plans）,pg|mysql|spark,yes,complete,incomplete,not_assessed,后续如需推进，再决定是否推进 common-core candidate,pg_witness_validated_perf_draft,witness_validated,not_assessed,not_assessed,missing_formal_review_only,NA_not_reviewed,2026-04-20,cases/PERF/PERF_0031/manifest.yaml
LONGTAIL_0001,longtail,manual_seed,手工构造 long-tail anchor case（非外部 benchmark）,manual,stable pilot anchor,pilot_anchor,anchor package; 尚未按 formal skeleton validator 全量回扫,pg|mysql|spark,yes,not_backfilled,not_assessed,none_needed,后续统一 package 工艺后再做 schema/validator 回扫,structure_rich_longtail_anchor,archetype_complete,common-core,not_applicable_anchor,none_current,NA_anchor,2026-04-18,docs/EXECUTION_STATUS.md
LONGTAIL_0002,longtail,SQLStorm,SQLStorm / StackOverflow workload seed,external,PG-validated draft with positive/negative pair,staged,formal skeleton complete; release-grade incomplete（PG-only validated）,pg,no,complete,incomplete,staged_not_yet_admitted,补 MySQL / Spark 验证；当前先保留为 long-tail coverage case，不急于推进 common-core,longtail_structure_cover_case,archetype_complete,not_yet_admitted,not_yet_admitted,missing_multi_engine_closure_for_common_core,benchmark_spec/reviews/BATCH1_EXTERNAL_CASE_REVIEW_v1.md,2026-04-18,docs/EXECUTION_STATUS.md
CONS_0001,consistency,manual_seed,手工 consistency 锚点包；小型员工 witness 数据,manual,stable pilot anchor,pilot_anchor,anchor package; 尚未按 formal skeleton validator 全量回扫,pg|mysql|spark,yes,not_backfilled,not_assessed,none_needed,后续统一 package 工艺后再做 schema/validator 回扫,correctness_anchor,archetype_complete,common-core,not_applicable_anchor,none_current,NA_anchor,2026-04-18,docs/EXECUTION_STATUS.md
CONS_0002,consistency,Calcite,core/src/test/resources/sql/new-decorr.iq,external,PG-validated draft with positive/negative pair,staged,staged draft（pre-skeleton / 尚未完全回填 formal package 结构）,pg,no,pre_skeleton,incomplete,staged_not_yet_admitted,补 broader engine validation；补 formal skeleton,calcite_seed_consistency_draft,witness_validated,not_yet_admitted,not_yet_admitted,missing_formal_skeleton_and_broader_engine_validation,benchmark_spec/reviews/BATCH1_EXTERNAL_CASE_REVIEW_v1.md,2026-04-18,docs/EXECUTION_STATUS.md
CONS_0003,consistency,VeriEQL,Calcite-397 / 159,external,PG + MySQL validated staged consistency draft,staged,formal skeleton complete; release-grade incomplete,pg|mysql,partial,complete,incomplete,staged_not_yet_admitted,补 Spark closure；或继续补 AST / IR / mapping / checker,consistency_supplement_draft,witness_validated,not_yet_admitted,not_under_review,missing_spark_closure_or_formal_review,NA_not_reviewed,2026-04-18,docs/EXECUTION_STATUS.md
CONS_0004,consistency,VeriEQL,Calcite-397 / 362,external,PG + MySQL validated staged consistency draft,staged,formal skeleton complete; release-grade incomplete,pg|mysql,partial,complete,incomplete,staged_not_yet_admitted,补 Spark closure；与 CONS_0003 同步推进,consistency_supplement_draft,witness_validated,not_yet_admitted,not_under_review,missing_spark_closure_or_formal_review,NA_not_reviewed,2026-04-18,docs/EXECUTION_STATUS.md
PORT_0001,portability,manual_seed,repo 内 portability anchor；非外部 seed,manual,stable pilot anchor,pilot_anchor,anchor package; 尚未按新 formal skeleton validator 全量回扫,pg|mysql|spark,yes,not_backfilled,not_assessed,none_needed,后续统一 package 工艺后再按新 schema/validator 回扫,clean_portability_anchor,archetype_complete,common-core,not_applicable_anchor,none_current,NA_anchor,2026-04-18,docs/EXECUTION_STATUS.md
PORT_0002,portability,PARROT,BIRD pg_res.json[0],external,admitted external common-core,common-core,formal skeleton complete; release-grade incomplete,pg|mysql|spark,yes,complete,incomplete,admitted,优先做 portability-specific checker / deeper observability，而不是继续争 admission,first_external_portability_reference,admitted_common_core,common-core,admitted_common_core,none_current,benchmark_spec/reviews/BATCH1_EXTERNAL_CASE_REVIEW_v1.md,2026-04-18,docs/EXECUTION_STATUS.md
PERF_0032,performance,TPC-DS,query54.tpl；dsqgen materialized instance（COUNT=1；QUALIFY=Y；SCALE=1；DIALECT=ansi；YEAR=1999；MONTH=3；CATEGORY=Jewelry；CLASS=consignment；LIMIT=100）,external,PG witness-validated performance draft with positive/negative pair and PG plan artifacts,not_assessed,formal skeleton complete；release-grade incomplete（PG-only witness validated + PG plans）,pg,not_assessed,complete,incomplete,not_assessed,推进 MySQL / Spark closure，并补剩余 package hardening,pg_witness_validated_perf_draft,witness_validated,not_assessed,not_assessed,missing_mysql_and_spark_closure_and_release_hardening,NA_not_reviewed,2026-04-20,cases/PERF/PERF_0032/manifest.yaml
PERF_0033,performance,TPC-DS,query55.tpl；dsqgen materialized instance（COUNT=1；QUALIFY=Y；SCALE=1；DIALECT=ansi；YEAR=2001；MONTH=12；MANAGER=36；LIMIT=100）,external,PG + MySQL + Spark witness-validated performance draft with positive/negative pair and PG/MySQL/Spark plan artifacts,staged,formal skeleton complete；release-grade incomplete（PG + MySQL + Spark witness validated + PG/MySQL/Spark plans）,pg|mysql|spark,yes,complete,incomplete,staged_not_yet_admitted,后续如需推进，再决定是否推进 common-core candidate,pg_witness_validated_perf_draft,witness_validated,not_yet_admitted,not_under_review,missing_formal_review_only,NA_not_reviewed,2026-04-30,cases/PERF/PERF_0033/runs/plan_check.json
PERF_0034,performance,TPC-DS,query56.tpl；dsqgen materialized instance（COUNT=1；QUALIFY=Y；SCALE=1；DIALECT=ansi；YEAR=2000；MONTH=1；GMT=-8；COLOR=orchid/chiffon/lace；LIMIT=100）,external,PG + MySQL + Spark witness-validated performance draft with positive/negative pair and PG/MySQL/Spark plan artifacts,staged,formal skeleton complete；release-grade incomplete（PG + MySQL + Spark witness validated + PG/MySQL/Spark plans）,pg|mysql|spark,yes,complete,incomplete,staged_not_yet_admitted,后续如需推进，再决定是否推进 common-core candidate,pg_witness_validated_perf_draft,witness_validated,not_yet_admitted,not_under_review,missing_formal_review_only,NA_not_reviewed,2026-04-30,cases/PERF/PERF_0034/runs/plan_check.json
PERF_0035,performance,TPC-DS,query57.tpl；dsqgen materialized instance（COUNT=1；QUALIFY=Y；SCALE=1；DIALECT=ansi；YEAR=2000；SELECTONE=cc_name；SELECTTWO=year+month；ORDERBY=nsum；LIMIT=100）,external,PG + MySQL + Spark witness-validated performance draft with positive/negative pair and PG/MySQL/Spark plan artifacts,staged,formal skeleton complete；release-grade incomplete（PG + MySQL + Spark witness validated + PG/MySQL/Spark plans）,pg|mysql|spark,yes,complete,incomplete,staged_not_yet_admitted,后续如需推进，再决定是否推进 common-core candidate,pg_witness_validated_perf_draft,witness_validated,not_yet_admitted,not_under_review,missing_formal_review_only,NA_not_reviewed,2026-04-30,cases/PERF/PERF_0035/runs/plan_check.json
PERF_0036,performance,TPC-DS,query58.tpl；dsqgen materialized instance（COUNT=1；QUALIFY=Y；SCALE=1；DIALECT=ansi；YEAR=1998；SALES_DATE=1998-02-19；LIMIT=100）,external,PG + MySQL + Spark witness-validated performance draft with positive/negative pair and PG/MySQL/Spark plan artifacts,staged,formal skeleton complete；release-grade incomplete（PG + MySQL + Spark witness validated + PG/MySQL/Spark plans）,pg|mysql|spark,yes,complete,incomplete,staged_not_yet_admitted,后续如需推进，再决定是否推进 common-core candidate,pg_witness_validated_perf_draft,witness_validated,not_yet_admitted,not_under_review,missing_formal_review_only,NA_not_reviewed,2026-04-30,cases/PERF/PERF_0036/runs/plan_check.json
PERF_0037,performance,TPC-DS,query_variants/query5a.tpl；dsqgen materialized instance（COUNT=1；QUALIFY=Y；SCALE=1；DIALECT=ansi；YEAR=1998；SALES_DATE=1998-08-04；LIMIT=100）,external,PG witness-validated performance draft with positive/negative pair and PG plan artifacts,not_assessed,formal skeleton complete；release-grade incomplete（PG-only witness validated + PG plans）,pg,not_assessed,complete,incomplete,not_assessed,推进 MySQL / Spark closure，并补剩余 package hardening,pg_witness_validated_perf_draft,witness_validated,not_assessed,not_assessed,missing_mysql_and_spark_closure_and_release_hardening,NA_not_reviewed,2026-04-20,cases/PERF/PERF_0037/manifest.yaml
PERF_0038,performance,TPC-DS,query_variants/query10a.tpl；dsqgen materialized instance（COUNT=1；QUALIFY=Y；SCALE=1；DIALECT=ansi；YEAR=2002；MONTH=4；COUNTY=Walker County/Richland County/Gaines County/Douglas County/Dona Ana County；LIMIT=100）,external,PG + MySQL + Spark witness-validated performance draft with positive/negative pair and PG/MySQL/Spark plan artifacts,staged,formal skeleton complete；release-grade incomplete（PG + MySQL + Spark witness validated + PG/MySQL/Spark plans）,pg|mysql|spark,yes,complete,incomplete,staged_not_yet_admitted,后续如需推进，再决定是否推进 common-core candidate,pg_witness_validated_perf_draft,witness_validated,not_yet_admitted,not_under_review,missing_formal_review_only,NA_not_reviewed,2026-04-30,cases/PERF/PERF_0038/runs/plan_check.json
PERF_0039,performance,TPC-DS,query_variants/query14a.tpl；dsqgen materialized instance（COUNT=1；QUALIFY=Y；SCALE=1；DIALECT=ansi；YEAR=1998；DAY=16；LIMIT=100；two SELECT statements preserved）,external,PG witness-validated performance draft with positive/negative pair and PG plan artifacts,not_assessed,formal skeleton complete；release-grade incomplete（PG-only witness validated + PG plans）,pg,not_assessed,complete,incomplete,not_assessed,推进 MySQL / Spark closure，并补剩余 package hardening,pg_witness_validated_perf_draft,witness_validated,not_assessed,not_assessed,missing_mysql_and_spark_closure_and_release_hardening,NA_not_reviewed,2026-04-20,cases/PERF/PERF_0039/manifest.yaml
PERF_0040,performance,TPC-DS,query_variants/query18a.tpl；dsqgen materialized instance（COUNT=1；QUALIFY=Y；SCALE=1；DIALECT=ansi；YEAR=2001；GEN=M；ES=College；STATE=ND/WI/AL/NC/OK/MS/TN；MONTH=9/5/12/4/1/10；LIMIT=100）,external,PG witness-validated performance draft with positive/negative pair and PG plan artifacts,not_assessed,formal skeleton complete；release-grade incomplete（PG-only witness validated + PG plans）,pg,not_assessed,complete,incomplete,not_assessed,推进 MySQL / Spark closure，并补剩余 package hardening,pg_witness_validated_perf_draft,witness_validated,not_assessed,not_assessed,missing_mysql_and_spark_closure_and_release_hardening,NA_not_reviewed,2026-04-20,cases/PERF/PERF_0040/manifest.yaml
PERF_0041,performance,TPC-DS,query_variants/query22a.tpl；dsqgen materialized instance（COUNT=1；QUALIFY=Y；SCALE=1；DIALECT=ansi；DMS=1212；LIMIT=100）,external,PG witness-validated performance draft with positive/negative pair and PG plan artifacts,not_assessed,formal skeleton complete；release-grade incomplete（PG-only witness validated + PG plans）,pg,not_assessed,complete,incomplete,not_assessed,推进 MySQL / Spark closure，并补剩余 package hardening,pg_witness_validated_perf_draft,witness_validated,not_assessed,not_assessed,missing_mysql_and_spark_closure_and_release_hardening,NA_not_reviewed,2026-04-20,cases/PERF/PERF_0041/manifest.yaml
PERF_0042,performance,TPC-DS,query_variants/query27a.tpl；dsqgen materialized instance（COUNT=1；QUALIFY=Y；SCALE=1；DIALECT=ansi；YEAR=1998；GEN=F；MS=W；ES=Primary；STATE=TN；LIMIT=100）,external,PG witness-validated performance draft with positive/negative pair and PG plan artifacts,not_assessed,formal skeleton complete；release-grade incomplete（PG-only witness validated + PG plans）,pg,not_assessed,complete,incomplete,not_assessed,推进 MySQL / Spark closure，并补剩余 package hardening,pg_witness_validated_perf_draft,witness_validated,not_assessed,not_assessed,missing_mysql_and_spark_closure_and_release_hardening,NA_not_reviewed,2026-04-20,cases/PERF/PERF_0042/manifest.yaml
PERF_0043,performance,TPC-DS,query_variants/query35a.tpl；dsqgen materialized instance（COUNT=1；QUALIFY=Y；SCALE=1；DIALECT=ansi；YEAR=1999；AGGONE=avg；AGGTWO=max；AGGTHREE=sum；LIMIT=100）,external,PG + MySQL + Spark witness-validated performance draft with positive/negative pair and PG/MySQL/Spark plan artifacts,staged,formal skeleton complete；release-grade incomplete（PG + MySQL + Spark witness validated + PG/MySQL/Spark plans）,pg|mysql|spark,yes,complete,incomplete,staged_not_yet_admitted,后续如需推进，再决定是否推进 common-core candidate,pg_witness_validated_perf_draft,witness_validated,not_yet_admitted,not_under_review,missing_formal_review_only,NA_not_reviewed,2026-04-30,cases/PERF/PERF_0043/runs/plan_check.json
PERF_0044,performance,TPC-DS,query_variants/query36a.tpl；dsqgen materialized instance（COUNT=1；QUALIFY=Y；SCALE=1；DIALECT=ansi；YEAR=2001；STATE=TN；LIMIT=100）,external,PG + MySQL + Spark witness-validated performance draft with positive/negative pair and PG/MySQL/Spark plan artifacts,staged,formal skeleton complete；release-grade incomplete（PG + MySQL + Spark witness validated + PG/MySQL/Spark plans）,pg|mysql|spark,yes,complete,incomplete,staged_not_yet_admitted,后续如需推进，再决定是否推进 common-core candidate,pg_witness_validated_perf_draft,witness_validated,not_yet_admitted,not_under_review,missing_formal_review_only,NA_not_reviewed,2026-04-30,cases/PERF/PERF_0044/runs/plan_check.json
PERF_0045,performance,TPC-DS,query_variants/query51a.tpl；dsqgen materialized instance（COUNT=1；QUALIFY=Y；SCALE=1；DIALECT=ansi；DMS=1212；LIMIT=100）,external,PG witness-validated performance draft with positive/negative pair and PG plan artifacts,not_assessed,formal skeleton complete；release-grade incomplete（PG-only witness validated + PG plans）,pg,not_assessed,complete,incomplete,not_assessed,推进 MySQL / Spark closure，并补剩余 package hardening,pg_witness_validated_perf_draft,witness_validated,not_assessed,not_assessed,missing_mysql_and_spark_closure_and_release_hardening,NA_not_reviewed,2026-04-20,cases/PERF/PERF_0045/manifest.yaml
PERF_0046,performance,TPC-DS,query_variants/query67a.tpl；dsqgen materialized instance（COUNT=1；QUALIFY=Y；SCALE=1；DIALECT=ansi；DMS=1212；LIMIT=100）,external,PG + MySQL witness-validated performance draft with positive/negative pair and PG/MySQL plan artifacts,not_assessed,formal skeleton complete；release-grade incomplete（PG + MySQL witness validated + PG/MySQL plans；Spark not closed）,pg|mysql,no,complete,incomplete,not_assessed,补 Spark closure；再决定是否推进 common-core candidate,pg_witness_validated_perf_draft,witness_validated,not_assessed,not_assessed,missing_spark_closure_or_formal_review,NA_not_reviewed,2026-04-20,cases/PERF/PERF_0046/manifest.yaml
PERF_0047,performance,TPC-DS,query_variants/query70a.tpl；dsqgen materialized instance（COUNT=1；QUALIFY=Y；SCALE=1；DIALECT=ansi；DMS=1212；LIMIT=100）,external,PG + MySQL + Spark witness-validated performance draft with positive/negative pair and PG/MySQL/Spark plan artifacts,staged,formal skeleton complete；release-grade incomplete（PG + MySQL + Spark witness validated + PG/MySQL/Spark plans）,pg|mysql|spark,yes,complete,incomplete,staged_not_yet_admitted,后续如需推进，再决定是否推进 common-core candidate,pg_witness_validated_perf_draft,witness_validated,not_yet_admitted,not_under_review,missing_formal_review_only,NA_not_reviewed,2026-04-30,cases/PERF/PERF_0047/runs/plan_check.json
PERF_0048,performance,TPC-DS,query_variants/query77a.tpl；dsqgen materialized instance（COUNT=1；QUALIFY=Y；SCALE=1；DIALECT=ansi；YEAR=1998；SALES_DATE=1998-08-04；LIMIT=100）,external,PG + MySQL witness-validated performance draft with positive/negative pair and PG/MySQL plan artifacts,not_assessed,formal skeleton complete；release-grade incomplete（PG + MySQL witness validated + PG/MySQL plans；Spark not closed）,pg|mysql,no,complete,incomplete,not_assessed,补 Spark closure；再决定是否推进 common-core candidate,pg_witness_validated_perf_draft,witness_validated,not_assessed,not_assessed,missing_spark_closure_or_formal_review,NA_not_reviewed,2026-04-20,cases/PERF/PERF_0048/manifest.yaml
PERF_0049,performance,TPC-DS,query_variants/query80a.tpl；dsqgen materialized instance（COUNT=1；QUALIFY=Y；SCALE=1；DIALECT=ansi；YEAR=1998；SALES_DATE=1998-08-04；LIMIT=100）,external,PG witness-validated performance draft with positive/negative pair and PG plan artifacts,not_assessed,formal skeleton complete；release-grade incomplete（PG-only witness validated + PG plans）,pg,not_assessed,complete,incomplete,not_assessed,推进 MySQL / Spark closure，并补剩余 package hardening,pg_witness_validated_perf_draft,witness_validated,not_assessed,not_assessed,missing_mysql_and_spark_closure_and_release_hardening,NA_not_reviewed,2026-04-20,cases/PERF/PERF_0049/manifest.yaml
PERF_0050,performance,TPC-DS,query_variants/query86a.tpl；dsqgen materialized instance（COUNT=1；QUALIFY=Y；SCALE=1；DIALECT=ansi；DMS=1212；LIMIT=100）,external,PG + MySQL + Spark witness-validated performance draft with positive/negative pair and PG/MySQL/Spark plan artifacts,staged,formal skeleton complete；release-grade incomplete（PG + MySQL + Spark witness validated + PG/MySQL/Spark plans）,pg|mysql|spark,yes,complete,incomplete,staged_not_yet_admitted,后续如需推进，再决定是否推进 common-core candidate,pg_witness_validated_perf_draft,witness_validated,not_yet_admitted,not_under_review,missing_formal_review_only,NA_not_reviewed,2026-04-30,cases/PERF/PERF_0050/runs/plan_check.json
PERF_0051,performance,TPC-DS,query_templates/query59.tpl；dsqgen materialized instance（COUNT=1；QUALIFY=Y；SCALE=1；DIALECT=ansi；DMS=1185；LIMIT=100）,external,PG witness-validated performance draft with positive/negative pair and PG plan artifacts,not_assessed,formal skeleton complete；release-grade incomplete（PG-only witness validated + PG plans）,pg,not_assessed,complete,incomplete,not_assessed,推进 MySQL / Spark closure，并补剩余 package hardening,pg_witness_validated_perf_draft,witness_validated,not_assessed,not_assessed,missing_mysql_and_spark_closure_and_release_hardening,NA_not_reviewed,2026-04-20,cases/PERF/PERF_0051/manifest.yaml
PERF_0052,performance,TPC-DS,query_templates/query1.tpl；dsqgen materialized instance（COUNT=1；QUALIFY=Y；SCALE=1；DIALECT=ansi；YEAR=2000；STATE=TN；AGG_FIELD=SR_FEE；LIMIT=100）,external,PG + MySQL + Spark witness-validated performance draft with positive/negative pair and PG/MySQL/Spark plan artifacts,staged,formal skeleton complete；release-grade incomplete（PG + MySQL + Spark witness validated + PG/MySQL/Spark plans）,pg|mysql|spark,yes,complete,incomplete,staged_not_yet_admitted,后续如需推进，再决定是否推进 common-core candidate,pg_witness_validated_perf_draft,witness_validated,not_yet_admitted,not_under_review,missing_formal_review_only,NA_not_reviewed,2026-04-30,cases/PERF/PERF_0052/runs/plan_check.json
PERF_0053,performance,TPC-DS,query_templates/query2.tpl；dsqgen materialized instance（COUNT=1；QUALIFY=Y；SCALE=1；DIALECT=ansi；YEAR=2001；WEEK_OFFSET=53）,external,PG + MySQL + Spark witness-validated performance draft with positive/negative pair and PG/MySQL/Spark plan artifacts,staged,formal skeleton complete；release-grade incomplete（PG + MySQL + Spark witness validated + PG/MySQL/Spark plans）,pg|mysql|spark,yes,complete,incomplete,staged_not_yet_admitted,后续如需推进，再决定是否推进 common-core candidate,pg_witness_validated_perf_draft,witness_validated,not_yet_admitted,not_under_review,missing_formal_review_only,NA_not_reviewed,2026-04-30,cases/PERF/PERF_0053/runs/plan_check.json
PERF_0054,performance,TPC-DS,query_templates/query3.tpl；dsqgen materialized instance（COUNT=1；QUALIFY=Y；SCALE=1；DIALECT=ansi；MANUFACT_ID=436；MONTH=12；LIMIT=100）,external,PG + MySQL + Spark witness-validated performance draft with positive/negative pair and PG/MySQL/Spark plan artifacts,staged,formal skeleton complete；release-grade incomplete（PG + MySQL + Spark witness validated + PG/MySQL/Spark plans）,pg|mysql|spark,yes,complete,incomplete,staged_not_yet_admitted,后续如需推进，再决定是否推进 common-core candidate,pg_witness_validated_perf_draft,witness_validated,not_yet_admitted,not_under_review,missing_formal_review_only,NA_not_reviewed,2026-04-30,cases/PERF/PERF_0054/runs/plan_check.json
PERF_0055,performance,TPC-DS,query_templates/query4.tpl；dsqgen materialized instance（COUNT=1；QUALIFY=Y；SCALE=1；DIALECT=ansi；YEAR=2001；NEXT_YEAR=2002；LIMIT=100）,external,PG witness-validated performance draft with positive/negative pair and PG plan artifacts,not_assessed,formal skeleton complete；release-grade incomplete（PG-only witness validated + PG plans）,pg,not_assessed,complete,incomplete,not_assessed,推进 MySQL / Spark closure，并补剩余 package hardening,pg_witness_validated_perf_draft,witness_validated,not_assessed,not_assessed,missing_mysql_and_spark_closure_and_release_hardening,NA_not_reviewed,2026-04-20,cases/PERF/PERF_0055/manifest.yaml
PERF_0056,performance,TPC-DS,query_templates/query6.tpl；dsqgen materialized instance（COUNT=1；QUALIFY=Y；SCALE=1；DIALECT=ansi；YEAR=2000；MONTH=2；LIMIT=100）,external,PG + MySQL + Spark witness-validated performance draft with positive/negative pair and PG/MySQL/Spark plan artifacts,staged,formal skeleton complete；release-grade incomplete（PG + MySQL + Spark witness validated + PG/MySQL/Spark plans）,pg|mysql|spark,yes,complete,incomplete,staged_not_yet_admitted,后续如需推进，再决定是否推进 common-core candidate,pg_witness_validated_perf_draft,witness_validated,not_yet_admitted,not_under_review,missing_formal_review_only,NA_not_reviewed,2026-04-30,cases/PERF/PERF_0056/runs/plan_check.json
PERF_0057,performance,TPC-DS,query_templates/query7.tpl；dsqgen materialized instance（COUNT=1；QUALIFY=Y；SCALE=1；DIALECT=ansi；GEN=F；MS=W；ES=Primary；YEAR=1998；LIMIT=100）,external,PG witness-validated performance draft with positive/negative pair and PG plan artifacts,not_assessed,formal skeleton complete；release-grade incomplete（PG-only witness validated + PG plans）,pg,not_assessed,complete,incomplete,not_assessed,推进 MySQL / Spark closure，并补剩余 package hardening,pg_witness_validated_perf_draft,witness_validated,not_assessed,not_assessed,missing_mysql_and_spark_closure_and_release_hardening,NA_not_reviewed,2026-04-20,cases/PERF/PERF_0057/manifest.yaml
PERF_0058,performance,TPC-DS,query_templates/query8.tpl；dsqgen materialized instance（COUNT=1；QUALIFY=Y；SCALE=1；DIALECT=ansi；YEAR=2002；QOY=1；ZIP_LIST=400 generated zip prefixes；LIMIT=100）,external,PG witness-validated performance draft with positive/negative pair and PG plan artifacts,not_assessed,formal skeleton complete；release-grade incomplete（PG-only witness validated + PG plans）,pg,not_assessed,complete,incomplete,not_assessed,推进 MySQL / Spark closure，并补剩余 package hardening,pg_witness_validated_perf_draft,witness_validated,not_assessed,not_assessed,missing_mysql_and_spark_closure_and_release_hardening,NA_not_reviewed,2026-04-20,cases/PERF/PERF_0058/manifest.yaml
PERF_0059,performance,TPC-DS,query_templates/query9.tpl；dsqgen materialized instance（COUNT=1；QUALIFY=Y；SCALE=1；DIALECT=ansi；AGGCTHEN=ss_ext_discount_amt；AGGCELSE=ss_net_profit；RC=25437/22746/9387/10098/18213）,external,PG witness-validated performance draft with positive/negative pair and PG plan artifacts,not_assessed,formal skeleton complete；release-grade incomplete（PG-only witness validated + PG plans）,pg,not_assessed,complete,incomplete,not_assessed,推进 MySQL / Spark closure，并补剩余 package hardening,pg_witness_validated_perf_draft,witness_validated,not_assessed,not_assessed,missing_mysql_and_spark_closure_and_release_hardening,NA_not_reviewed,2026-04-20,cases/PERF/PERF_0059/manifest.yaml
PERF_0060,performance,TPC-DS,query_templates/query11.tpl；dsqgen materialized instance（COUNT=1；QUALIFY=Y；SCALE=1；DIALECT=ansi；YEAR=2001；SELECTONE=t_s_secyear.customer_email_address；LIMIT=100）,external,PG witness-validated performance draft with positive/negative pair and PG plan artifacts,not_assessed,formal skeleton complete；release-grade incomplete（PG-only witness validated + PG plans）,pg,not_assessed,complete,incomplete,not_assessed,推进 MySQL / Spark closure，并补剩余 package hardening,pg_witness_validated_perf_draft,witness_validated,not_assessed,not_assessed,missing_mysql_and_spark_closure_and_release_hardening,NA_not_reviewed,2026-04-20,cases/PERF/PERF_0060/manifest.yaml
PERF_0061,performance,TPC-DS,query_templates/query12.tpl；dsqgen materialized instance（COUNT=1；QUALIFY=Y；SCALE=1；DIALECT=ansi；SDATE=2001-01-12；CATEGORY=Jewelry/Sports/Books；LIMIT=100）,external,PG witness-validated performance draft with positive/negative pair and PG plan artifacts,not_assessed,formal skeleton complete；release-grade incomplete（PG-only witness validated + PG plans）,pg,not_assessed,complete,incomplete,not_assessed,推进 MySQL / Spark closure，并补剩余 package hardening,pg_witness_validated_perf_draft,witness_validated,not_assessed,not_assessed,missing_mysql_and_spark_closure_and_release_hardening,NA_not_reviewed,2026-04-20,cases/PERF/PERF_0061/manifest.yaml
PERF_0062,performance,TPC-DS,query_templates/query13.tpl；dsqgen materialized instance（COUNT=1；QUALIFY=Y；SCALE=1；DIALECT=ansi；MS=D/S/W；ES=2 yr Degree/Secondary/Advanced Degree；STATE=CO/IL/MN/OH/MT/NM/TX/MO/MI；YEAR=2001）,external,PG + MySQL + Spark witness-validated performance draft with positive/negative pair and PG/MySQL/Spark plan artifacts,staged,formal skeleton complete；release-grade incomplete（PG + MySQL + Spark witness validated + PG/MySQL/Spark plans）,pg|mysql|spark,yes,complete,incomplete,staged_not_yet_admitted,后续如需推进，再决定是否推进 common-core candidate,pg_witness_validated_perf_draft,witness_validated,not_yet_admitted,not_under_review,missing_formal_review_only,NA_not_reviewed,2026-04-30,cases/PERF/PERF_0062/runs/plan_check.json
PERF_0063,performance,TPC-DS,query_templates/query15.tpl；dsqgen materialized instance（COUNT=1；QUALIFY=Y；SCALE=1；DIALECT=ansi；YEAR=2000；QOY=2；LIMIT=100）,external,PG + MySQL + Spark witness-validated performance draft with positive/negative pair and PG/MySQL/Spark plan artifacts,staged,formal skeleton complete；release-grade incomplete（PG + MySQL + Spark witness validated + PG/MySQL/Spark plans）,pg|mysql|spark,yes,complete,incomplete,staged_not_yet_admitted,后续如需推进，再决定是否推进 common-core candidate,pg_witness_validated_perf_draft,witness_validated,not_yet_admitted,not_under_review,missing_formal_review_only,NA_not_reviewed,2026-04-30,cases/PERF/PERF_0063/runs/plan_check.json
PERF_0064,performance,TPC-DS,query_templates/query16.tpl；dsqgen materialized instance（COUNT=1；QUALIFY=Y；SCALE=1；DIALECT=ansi；YEAR=1999；MONTH=2；STATE=IL；COUNTY=Williamson County；LIMIT=100）,external,PG witness-validated performance draft with positive/negative pair and PG plan artifacts,not_assessed,formal skeleton complete；release-grade incomplete（PG-only witness validated + PG plans）,pg,not_assessed,complete,incomplete,not_assessed,推进 MySQL / Spark closure，并补剩余 package hardening,pg_witness_validated_perf_draft,witness_validated,not_assessed,not_assessed,missing_mysql_and_spark_closure_and_release_hardening,NA_not_reviewed,2026-04-21,cases/PERF/PERF_0064/manifest.yaml
PERF_0065,performance,TPC-DS,query_templates/query17.tpl；dsqgen materialized instance（COUNT=1；QUALIFY=Y；SCALE=1；DIALECT=ansi；YEAR=1998；LIMIT=100）,external,PG + MySQL + Spark witness-validated performance draft with positive/negative pair and PG/MySQL/Spark plan artifacts,staged,formal skeleton complete；release-grade incomplete（PG + MySQL + Spark witness validated + PG/MySQL/Spark plans）,pg|mysql|spark,yes,complete,incomplete,staged_not_yet_admitted,后续如需推进，再决定是否推进 common-core candidate,pg_witness_validated_perf_draft,witness_validated,not_yet_admitted,not_under_review,missing_formal_review_only,NA_not_reviewed,2026-04-30,cases/PERF/PERF_0065/runs/plan_check.json
PERF_0066,performance,TPC-DS,query_templates/query19.tpl；dsqgen materialized instance（COUNT=1；QUALIFY=Y；SCALE=1；DIALECT=ansi；YEAR=1999；MONTH=11；MANAGER=7；LIMIT=100）,external,PG + MySQL + Spark witness-validated performance draft with positive/negative pair and PG/MySQL/Spark plan artifacts,staged,formal skeleton complete；release-grade incomplete（PG + MySQL + Spark witness validated + PG/MySQL/Spark plans）,pg|mysql|spark,yes,complete,incomplete,staged_not_yet_admitted,后续如需推进，再决定是否推进 common-core candidate,pg_witness_validated_perf_draft,witness_validated,not_yet_admitted,not_under_review,missing_formal_review_only,NA_not_reviewed,2026-04-30,cases/PERF/PERF_0066/runs/plan_check.json
PERF_0067,performance,TPC-DS,query_templates/query20.tpl；dsqgen materialized instance（COUNT=1；QUALIFY=Y；SCALE=1；DIALECT=ansi；SDATE=2001-01-12；CATEGORY=Jewelry/Sports/Books；LIMIT=100）,external,PG witness-validated performance draft with positive/negative pair and PG plan artifacts,not_assessed,formal skeleton complete；release-grade incomplete（PG-only witness validated + PG plans）,pg,not_assessed,complete,incomplete,not_assessed,推进 MySQL / Spark closure，并补剩余 package hardening,pg_witness_validated_perf_draft,witness_validated,not_assessed,not_assessed,missing_mysql_and_spark_closure_and_release_hardening,NA_not_reviewed,2026-04-21,cases/PERF/PERF_0067/manifest.yaml
PERF_0068,performance,TPC-DS,query_templates/query21.tpl；dsqgen materialized instance（COUNT=1；QUALIFY=Y；SCALE=1；DIALECT=ansi；SALES_DATE=1998-04-08；LIMIT=100）,external,PG witness-validated performance draft with positive/negative pair and PG plan artifacts,not_assessed,formal skeleton complete；release-grade incomplete（PG-only witness validated + PG plans）,pg,not_assessed,complete,incomplete,not_assessed,推进 MySQL / Spark closure，并补剩余 package hardening,pg_witness_validated_perf_draft,witness_validated,not_assessed,not_assessed,missing_mysql_and_spark_closure_and_release_hardening,NA_not_reviewed,2026-04-21,cases/PERF/PERF_0068/manifest.yaml
PERF_0069,performance,TPC-DS,query_templates/query23.tpl；dsqgen materialized instance（COUNT=1；QUALIFY=Y；SCALE=1；DIALECT=ansi；YEAR=1999；MONTH=1；TOPPERCENT=95；LIMIT=100）,external,PG witness-validated performance draft with positive/negative pair and PG plan artifacts,not_assessed,formal skeleton complete；release-grade incomplete（PG-only witness validated + PG plans）,pg,not_assessed,complete,incomplete,not_assessed,推进 MySQL / Spark closure，并补剩余 package hardening,pg_witness_validated_perf_draft,witness_validated,not_assessed,not_assessed,missing_mysql_and_spark_closure_and_release_hardening,NA_not_reviewed,2026-04-21,cases/PERF/PERF_0069/manifest.yaml
PERF_0070,performance,TPC-DS,query_templates/query24.tpl；dsqgen materialized instance（COUNT=1；QUALIFY=Y；SCALE=1；DIALECT=ansi；MARKET=7；AMOUNTONE=ss_sales_price；COLOR_1=orchid；COLOR_2=chiffon）,external,PG witness-validated performance draft with positive/negative pair and PG plan artifacts,not_assessed,formal skeleton complete；release-grade incomplete（PG-only witness validated + PG plans）,pg,not_assessed,complete,incomplete,not_assessed,推进 MySQL / Spark closure，并补剩余 package hardening,pg_witness_validated_perf_draft,witness_validated,not_assessed,not_assessed,missing_mysql_and_spark_closure_and_release_hardening,NA_not_reviewed,2026-04-21,cases/PERF/PERF_0070/manifest.yaml
PERF_0071,performance,TPC-DS,query_templates/query25.tpl；dsqgen materialized instance（COUNT=1；QUALIFY=Y；SCALE=1；DIALECT=ansi；YEAR=2000；AGG=sum；LIMIT=100）,external,PG + MySQL + Spark witness-validated performance draft with positive/negative pair and PG/MySQL/Spark plan artifacts,not_assessed,formal skeleton complete；release-grade incomplete（PG + MySQL + Spark witness validated + PG/MySQL/Spark plans）,pg|mysql|spark,yes,complete,incomplete,not_assessed,后续如需推进，再决定是否推进 common-core candidate,pg_witness_validated_perf_draft,witness_validated,not_assessed,not_assessed,missing_formal_review_only,NA_not_reviewed,2026-04-21,cases/PERF/PERF_0071/manifest.yaml
PERF_0072,performance,TPC-DS,query_templates/query26.tpl；dsqgen materialized instance（COUNT=1；QUALIFY=Y；SCALE=1；DIALECT=ansi；GEN=F；MS=W；ES=Primary；YEAR=1998；LIMIT=100）,external,PG + MySQL + Spark witness-validated performance draft with positive/negative pair and PG/MySQL/Spark plan artifacts,not_assessed,formal skeleton complete；release-grade incomplete（PG + MySQL + Spark witness validated + PG/MySQL/Spark plans）,pg|mysql|spark,yes,complete,incomplete,not_assessed,后续如需推进，再决定是否推进 common-core candidate,pg_witness_validated_perf_draft,witness_validated,not_assessed,not_assessed,missing_formal_review_only,NA_not_reviewed,2026-04-21,cases/PERF/PERF_0072/manifest.yaml
PERF_0073,performance,TPC-DS,query_templates/query28.tpl；dsqgen materialized instance（COUNT=1；QUALIFY=Y；SCALE=1；DIALECT=ansi；LISTPRICE=11/91/66/142/135/28；COUPONAMT=460/1430/920/3054/14180/2513；WHOLESALECOST=14/32/4/80/38/42；LIMIT=100）,external,PG + MySQL + Spark witness-validated performance draft with positive/negative pair and PG/MySQL/Spark plan artifacts,not_assessed,formal skeleton complete；release-grade incomplete（PG + MySQL + Spark witness validated + PG/MySQL/Spark plans）,pg|mysql|spark,yes,complete,incomplete,not_assessed,后续如需推进，再决定是否推进 common-core candidate,pg_witness_validated_perf_draft,witness_validated,not_assessed,not_assessed,missing_formal_review_only,NA_not_reviewed,2026-04-21,cases/PERF/PERF_0073/manifest.yaml
PERF_0074,performance,TPC-DS,query_templates/query29.tpl；dsqgen materialized instance（COUNT=1；QUALIFY=Y；SCALE=1；DIALECT=ansi；YEAR=1999；MONTH=4；AGG=sum；LIMIT=100）,external,PG + MySQL + Spark witness-validated performance draft with positive/negative pair and PG/MySQL/Spark plan artifacts,not_assessed,formal skeleton complete；release-grade incomplete（PG + MySQL + Spark witness validated + PG/MySQL/Spark plans）,pg|mysql|spark,yes,complete,incomplete,not_assessed,后续如需推进，再决定是否推进 common-core candidate,pg_witness_validated_perf_draft,witness_validated,not_assessed,not_assessed,missing_formal_review_only,NA_not_reviewed,2026-04-21,cases/PERF/PERF_0074/manifest.yaml
PERF_0075,performance,TPC-DS,query_templates/query30.tpl；dsqgen materialized instance（COUNT=1；QUALIFY=Y；SCALE=1；DIALECT=ansi；YEAR=2002；STATE=IL；LIMIT=100）,external,PG + MySQL + Spark witness-validated performance draft with positive/negative pair and PG/MySQL/Spark plan artifacts,not_assessed,formal skeleton complete；release-grade incomplete（PG + MySQL + Spark witness validated + PG/MySQL/Spark plans）,pg|mysql|spark,yes,complete,incomplete,not_assessed,后续如需推进，再决定是否推进 common-core candidate,pg_witness_validated_perf_draft,witness_validated,not_assessed,not_assessed,missing_formal_review_only,NA_not_reviewed,2026-04-21,cases/PERF/PERF_0075/manifest.yaml
PERF_0076,performance,TPC-DS,query_templates/query31.tpl；dsqgen materialized instance（COUNT=1；QUALIFY=Y；SCALE=1；DIALECT=ansi；YEAR=2000）,external,PG + MySQL + Spark witness-validated performance draft with positive/negative pair and PG/MySQL/Spark plan artifacts,staged,formal skeleton complete；release-grade incomplete（PG + MySQL + Spark witness validated + PG/MySQL/Spark plans）,pg|mysql|spark,yes,complete,incomplete,staged_not_yet_admitted,后续如需推进，再决定是否推进 common-core candidate,pg_witness_validated_perf_draft,witness_validated,not_yet_admitted,not_under_review,missing_formal_review_only,NA_not_reviewed,2026-04-30,cases/PERF/PERF_0076/runs/plan_check.json
PERF_0077,performance,JOB/IMDB,JOB 3a.sql；draft origin JOB_DRAFT_0003；local JOB/IMDB candidate promoted to case-local package,external,PG + MySQL + Spark witness-validated performance draft with positive/negative pair and PG/MySQL/Spark plan artifacts,not_assessed,formal skeleton complete；release-grade incomplete（PG + MySQL + Spark witness validated + PG/MySQL/Spark plans；registry newly added）,pg|mysql|spark,yes,complete,incomplete,not_assessed,human review package quality；decide whether to keep JOB-derived case and whether to advance toward formal review,job_imdb_tri_engine_perf_draft,witness_validated,not_assessed,witness_validated,missing_formal_review_only,NA_not_reviewed,2026-04-26,cases/PERF/PERF_0077/manifest.yaml
PERF_0078,performance,JOB/IMDB,JOB query from JOB_DRAFT_0017；draft origin JOB_DRAFT_0017；local JOB/IMDB candidate promoted to case-local package,external,PG + MySQL + Spark witness-validated performance draft with positive/negative pair and PG/MySQL/Spark plan artifacts,not_assessed,formal skeleton complete；release-grade incomplete（PG + MySQL + Spark witness validated + PG/MySQL/Spark plans；registry newly added）,pg|mysql|spark,yes,complete,incomplete,not_assessed,human review package quality；decide whether to keep JOB-derived case and whether to advance toward formal review,job_imdb_tri_engine_perf_draft,witness_validated,not_assessed,witness_validated,missing_formal_review_only,NA_not_reviewed,2026-04-26,cases/PERF/PERF_0078/manifest.yaml
PERF_0080,performance,JOB/IMDB,JOB 1b.sql；draft origin JOB_DRAFT_0001；local JOB/IMDB candidate promoted to case-local package,external,PG + MySQL + Spark witness-validated performance draft with positive/negative pair and PG/MySQL/Spark plan artifacts,not_assessed,formal skeleton complete；release-grade incomplete（PG + MySQL + Spark witness validated + PG/MySQL/Spark plans；registry newly added）,pg|mysql|spark,yes,complete,incomplete,not_assessed,human review package quality；decide whether to keep JOB-derived case and whether to advance toward formal review,job_imdb_tri_engine_perf_draft,witness_validated,not_assessed,witness_validated,missing_formal_review_only,NA_not_reviewed,2026-04-26,cases/PERF/PERF_0080/manifest.yaml
PERF_0081,performance,JOB/IMDB,JOB 4a.sql；draft origin JOB_DRAFT_0004；local JOB/IMDB candidate promoted to case-local package,external,PG + MySQL + Spark witness-validated performance draft with positive/negative pair and PG/MySQL/Spark plan artifacts,not_assessed,formal skeleton complete；release-grade incomplete（PG + MySQL + Spark witness validated + PG/MySQL/Spark plans；registry newly added）,pg|mysql|spark,yes,complete,incomplete,not_assessed,human review package quality；decide whether to keep JOB-derived case and whether to advance toward formal review,job_imdb_tri_engine_perf_draft,witness_validated,not_assessed,witness_validated,missing_formal_review_only,NA_not_reviewed,2026-04-26,cases/PERF/PERF_0081/manifest.yaml
PERF_0082,performance,JOB/IMDB,JOB 5a.sql；draft origin JOB_DRAFT_0005；local JOB/IMDB candidate promoted to case-local package,external,PG + MySQL + Spark witness-validated performance draft with positive/negative pair and PG/MySQL/Spark plan artifacts,not_assessed,formal skeleton complete；release-grade incomplete（PG + MySQL + Spark witness validated + PG/MySQL/Spark plans；registry newly added）,pg|mysql|spark,yes,complete,incomplete,not_assessed,human review package quality；decide whether to keep JOB-derived case and whether to advance toward formal review,job_imdb_tri_engine_perf_draft,witness_validated,not_assessed,witness_validated,missing_formal_review_only,NA_not_reviewed,2026-04-26,cases/PERF/PERF_0082/manifest.yaml
PERF_0083,performance,JOB/IMDB,JOB 6a.sql；draft origin JOB_DRAFT_0006；local JOB/IMDB candidate promoted to case-local package,external,PG + MySQL + Spark witness-validated performance draft with positive/negative pair and PG/MySQL/Spark plan artifacts,not_assessed,formal skeleton complete；release-grade incomplete（PG + MySQL + Spark witness validated + PG/MySQL/Spark plans；registry newly added）,pg|mysql|spark,yes,complete,incomplete,not_assessed,human review package quality；decide whether to keep JOB-derived case and whether to advance toward formal review,job_imdb_tri_engine_perf_draft,witness_validated,not_assessed,witness_validated,missing_formal_review_only,NA_not_reviewed,2026-04-26,cases/PERF/PERF_0083/manifest.yaml
PERF_0084,performance,JOB/IMDB,JOB 12a.sql；draft origin JOB_DRAFT_0012；local JOB/IMDB candidate promoted to case-local package,external,PG + MySQL + Spark witness-validated performance draft with positive/negative pair and PG/MySQL/Spark plan artifacts,not_assessed,formal skeleton complete；release-grade incomplete（PG + MySQL + Spark witness validated + PG/MySQL/Spark plans；registry newly added）,pg|mysql|spark,yes,complete,incomplete,not_assessed,human review package quality；decide whether to keep JOB-derived case and whether to advance toward formal review,job_imdb_tri_engine_perf_draft,witness_validated,not_assessed,witness_validated,missing_formal_review_only,NA_not_reviewed,2026-04-26,cases/PERF/PERF_0084/manifest.yaml
PERF_0086,performance,JOB/IMDB,JOB 8a.sql；draft origin JOB_DRAFT_0008；local JOB/IMDB candidate promoted to case-local package,external,PG + MySQL + Spark witness-validated performance draft with positive/negative pair and PG/MySQL/Spark plan artifacts,not_assessed,formal skeleton complete；release-grade incomplete（PG + MySQL + Spark witness validated + PG/MySQL/Spark plans；registry newly added）,pg|mysql|spark,yes,complete,incomplete,not_assessed,human review package quality；decide whether to keep JOB-derived case and whether to advance toward formal review,job_imdb_tri_engine_perf_draft,witness_validated,not_assessed,witness_validated,missing_formal_review_only,NA_not_reviewed,2026-04-26,cases/PERF/PERF_0086/manifest.yaml
PERF_0085,performance,JOB/IMDB,JOB 7a.sql；draft origin JOB_DRAFT_0007；local JOB/IMDB candidate promoted to case-local package,external,PG + MySQL + Spark witness-validated performance draft with positive/negative pair and PG/MySQL/Spark plan artifacts,not_assessed,formal skeleton complete；release-grade incomplete（PG + MySQL + Spark witness validated + PG/MySQL/Spark plans；registry newly added）,pg|mysql|spark,yes,complete,incomplete,not_assessed,human review package quality；decide whether to keep JOB-derived case and whether to advance toward formal review,job_imdb_tri_engine_perf_draft,witness_validated,not_assessed,witness_validated,missing_formal_review_only,NA_not_reviewed,2026-04-26,cases/PERF/PERF_0085/manifest.yaml
PERF_0090,performance,JOB/IMDB,JOB 10a.sql；local source datasets/raw/job/staged/job/10a.sql；local JOB/IMDB corpus candidate promoted to case-local package,external,PG + MySQL + Spark witness-validated performance draft with positive/negative pair and PG/MySQL/Spark plan artifacts,not_assessed,formal skeleton complete；release-grade incomplete（PG + MySQL + Spark witness validated + PG/MySQL/Spark plans；registry newly added）,pg|mysql|spark,yes,complete,incomplete,not_assessed,human review package quality；decide whether to keep JOB-derived case and whether to advance toward formal review,job_imdb_tri_engine_perf_draft,witness_validated,not_assessed,witness_validated,missing_formal_review_only,NA_not_reviewed,2026-04-26,cases/PERF/PERF_0090/manifest.yaml
PERF_0091,performance,JOB/IMDB,JOB 13b.sql；local source datasets/raw/job/staged/job/13b.sql；local JOB/IMDB corpus candidate promoted to case-local package,external,PG + MySQL + Spark witness-validated performance draft with positive/negative pair and PG/MySQL/Spark plan artifacts,not_assessed,formal skeleton complete；release-grade incomplete（PG + MySQL + Spark witness validated + PG/MySQL/Spark plans；registry newly added）,pg|mysql|spark,yes,complete,incomplete,not_assessed,human review package quality；decide whether to keep JOB-derived case and whether to advance toward formal review,job_imdb_tri_engine_perf_draft,witness_validated,not_assessed,witness_validated,missing_formal_review_only,NA_not_reviewed,2026-04-26,cases/PERF/PERF_0091/manifest.yaml
PERF_0093,performance,JOB/IMDB,JOB 16a.sql；local source datasets/raw/job/staged/job/16a.sql；local JOB/IMDB corpus candidate promoted to case-local package,external,PG + MySQL + Spark witness-validated performance draft with positive/negative pair and PG/MySQL/Spark plan artifacts,not_assessed,formal skeleton complete；release-grade incomplete（PG + MySQL + Spark witness validated + PG/MySQL/Spark plans；registry newly added）,pg|mysql|spark,yes,complete,incomplete,not_assessed,human review package quality；decide whether to keep JOB-derived case and whether to advance toward formal review,job_imdb_tri_engine_perf_draft,witness_validated,not_assessed,witness_validated,missing_formal_review_only,NA_not_reviewed,2026-04-26,cases/PERF/PERF_0093/manifest.yaml
PERF_0094,performance,JOB/IMDB,JOB 18b.sql；local source datasets/raw/job/staged/job/18b.sql；local JOB/IMDB corpus candidate promoted to case-local package,external,PG + MySQL + Spark witness-validated performance draft with positive/negative pair and PG/MySQL/Spark plan artifacts,not_assessed,formal skeleton complete；release-grade incomplete（PG + MySQL + Spark witness validated + PG/MySQL/Spark plans；registry newly added）,pg|mysql|spark,yes,complete,incomplete,not_assessed,human review package quality；decide whether to keep JOB-derived case and whether to advance toward formal review,job_imdb_tri_engine_perf_draft,witness_validated,not_assessed,witness_validated,missing_formal_review_only,NA_not_reviewed,2026-04-26,cases/PERF/PERF_0094/manifest.yaml
PERF_0095,performance,JOB/IMDB,JOB 20a.sql；local source datasets/raw/job/staged/job/20a.sql；local JOB/IMDB corpus candidate promoted to case-local package,external,PG + MySQL + Spark witness-validated performance draft with positive/negative pair and PG/MySQL/Spark plan artifacts,not_assessed,formal skeleton complete；release-grade incomplete（PG + MySQL + Spark witness validated + PG/MySQL/Spark plans；registry newly added）,pg|mysql|spark,yes,complete,incomplete,not_assessed,human review package quality；decide whether to keep JOB-derived case and whether to advance toward formal review,job_imdb_tri_engine_perf_draft,witness_validated,not_assessed,witness_validated,missing_formal_review_only,NA_not_reviewed,2026-04-26,cases/PERF/PERF_0095/manifest.yaml
PERF_0096,performance,JOB/IMDB,JOB 32b.sql；local source datasets/raw/job/staged/job/32b.sql；local JOB/IMDB corpus candidate promoted to case-local package,external,PG + MySQL + Spark witness-validated performance draft with positive/negative pair and PG/MySQL/Spark plan artifacts,not_assessed,formal skeleton complete；release-grade incomplete（PG + MySQL + Spark witness validated + PG/MySQL/Spark plans；registry newly added）,pg|mysql|spark,yes,complete,incomplete,not_assessed,human review package quality；decide whether to keep JOB-derived case and whether to advance toward formal review,job_imdb_tri_engine_perf_draft,witness_validated,not_assessed,witness_validated,missing_formal_review_only,NA_not_reviewed,2026-04-26,cases/PERF/PERF_0096/manifest.yaml
PERF_0097,performance,JOB/IMDB,JOB 33a.sql；local source datasets/raw/job/staged/job/33a.sql；local JOB/IMDB corpus candidate promoted to case-local package,external,PG + MySQL + Spark witness-validated performance draft with positive/negative pair and PG/MySQL/Spark plan artifacts,not_assessed,formal skeleton complete；release-grade incomplete（PG + MySQL + Spark witness validated + PG/MySQL/Spark plans；registry newly added）,pg|mysql|spark,yes,complete,incomplete,not_assessed,human review package quality；decide whether to keep JOB-derived case and whether to advance toward formal review,job_imdb_tri_engine_perf_draft,witness_validated,not_assessed,witness_validated,missing_formal_review_only,NA_not_reviewed,2026-04-26,cases/PERF/PERF_0097/manifest.yaml
PERF_0101,performance,JOB/IMDB,JOB 16d.sql；local source datasets/raw/job/staged/job/16d.sql；local JOB/IMDB corpus candidate promoted to case-local package,external,PG + MySQL + Spark witness-validated performance draft with positive/negative pair and PG/MySQL/Spark plan artifacts,not_assessed,formal skeleton complete；release-grade incomplete（PG + MySQL + Spark witness validated + PG/MySQL/Spark plans；registry newly added）,pg|mysql|spark,yes,complete,incomplete,not_assessed,human review package quality；decide whether to keep JOB-derived case and whether to advance toward formal review,job_imdb_tri_engine_perf_draft,witness_validated,not_assessed,witness_validated,missing_formal_review_only,NA_not_reviewed,2026-04-26,cases/PERF/PERF_0101/manifest.yaml
PERF_0102,performance,JOB/IMDB,JOB 17a.sql；local source datasets/raw/job/staged/job/17a.sql；local JOB/IMDB corpus candidate promoted to case-local package,external,PG + MySQL + Spark witness-validated performance draft with positive/negative pair and PG/MySQL/Spark plan artifacts,not_assessed,formal skeleton complete；release-grade incomplete（PG + MySQL + Spark witness validated + PG/MySQL/Spark plans；registry newly added）,pg|mysql|spark,yes,complete,incomplete,not_assessed,human review package quality；decide whether to keep JOB-derived case and whether to advance toward formal review,job_imdb_tri_engine_perf_draft,witness_validated,not_assessed,witness_validated,missing_formal_review_only,NA_not_reviewed,2026-04-26,cases/PERF/PERF_0102/manifest.yaml
PERF_0103,performance,JOB/IMDB,JOB 18a.sql；local source datasets/raw/job/staged/job/18a.sql；local JOB/IMDB corpus candidate promoted to case-local package,external,PG + MySQL + Spark witness-validated performance draft with positive/negative pair and PG/MySQL/Spark plan artifacts,not_assessed,formal skeleton complete；release-grade incomplete（PG + MySQL + Spark witness validated + PG/MySQL/Spark plans；registry newly added）,pg|mysql|spark,yes,complete,incomplete,not_assessed,human review package quality；decide whether to keep JOB-derived case and whether to advance toward formal review,job_imdb_tri_engine_perf_draft,witness_validated,not_assessed,witness_validated,missing_formal_review_only,NA_not_reviewed,2026-04-26,cases/PERF/PERF_0103/manifest.yaml
PERF_0104,performance,JOB/IMDB,JOB 21b.sql；local source datasets/raw/job/staged/job/21b.sql；local JOB/IMDB corpus candidate promoted to case-local package,external,PG + MySQL + Spark witness-validated performance draft with positive/negative pair and PG/MySQL/Spark plan artifacts,not_assessed,formal skeleton complete；release-grade incomplete（PG + MySQL + Spark witness validated + PG/MySQL/Spark plans；registry newly added）,pg|mysql|spark,yes,complete,incomplete,not_assessed,human review package quality；decide whether to keep JOB-derived case and whether to advance toward formal review,job_imdb_tri_engine_perf_draft,witness_validated,not_assessed,witness_validated,missing_formal_review_only,NA_not_reviewed,2026-04-26,cases/PERF/PERF_0104/manifest.yaml
PERF_0105,performance,JOB/IMDB,JOB 22c.sql；local source datasets/raw/job/staged/job/22c.sql；local JOB/IMDB corpus candidate promoted to case-local package,external,PG + MySQL + Spark witness-validated performance draft with positive/negative pair and PG/MySQL/Spark plan artifacts,not_assessed,formal skeleton complete；release-grade incomplete（PG + MySQL + Spark witness validated + PG/MySQL/Spark plans；registry newly added）,pg|mysql|spark,yes,complete,incomplete,not_assessed,human review package quality；decide whether to keep JOB-derived case and whether to advance toward formal review,job_imdb_tri_engine_perf_draft,witness_validated,not_assessed,witness_validated,missing_formal_review_only,NA_not_reviewed,2026-04-26,cases/PERF/PERF_0105/manifest.yaml
PERF_0106,performance,JOB/IMDB,JOB 23b.sql；local source datasets/raw/job/staged/job/23b.sql；local JOB/IMDB corpus candidate promoted to case-local package,external,PG + MySQL + Spark witness-validated performance draft with positive/negative pair and PG/MySQL/Spark plan artifacts,not_assessed,formal skeleton complete；release-grade incomplete（PG + MySQL + Spark witness validated + PG/MySQL/Spark plans；registry newly added）,pg|mysql|spark,yes,complete,incomplete,not_assessed,human review package quality；decide whether to keep JOB-derived case and whether to advance toward formal review,job_imdb_tri_engine_perf_draft,witness_validated,not_assessed,witness_validated,missing_formal_review_only,NA_not_reviewed,2026-04-26,cases/PERF/PERF_0106/manifest.yaml
PERF_0107,performance,JOB/IMDB,JOB 27c.sql；local source datasets/raw/job/staged/job/27c.sql；local JOB/IMDB corpus candidate promoted to case-local package,external,PG + MySQL + Spark witness-validated performance draft with positive/negative pair and PG/MySQL/Spark plan artifacts,not_assessed,formal skeleton complete；release-grade incomplete（PG + MySQL + Spark witness validated + PG/MySQL/Spark plans；registry newly added）,pg|mysql|spark,yes,complete,incomplete,not_assessed,human review package quality；decide whether to keep JOB-derived case and whether to advance toward formal review,job_imdb_tri_engine_perf_draft,witness_validated,not_assessed,witness_validated,missing_formal_review_only,NA_not_reviewed,2026-04-26,cases/PERF/PERF_0107/manifest.yaml
PERF_0108,performance,JOB/IMDB,JOB 30a.sql；local source datasets/raw/job/staged/job/30a.sql；local JOB/IMDB corpus candidate promoted to case-local package,external,PG + MySQL + Spark witness-validated performance draft with positive/negative pair and PG/MySQL/Spark plan artifacts,not_assessed,formal skeleton complete；release-grade incomplete（PG + MySQL + Spark witness validated + PG/MySQL/Spark plans；registry newly added）,pg|mysql|spark,yes,complete,incomplete,not_assessed,human review package quality；decide whether to keep JOB-derived case and whether to advance toward formal review,job_imdb_tri_engine_perf_draft,witness_validated,not_assessed,witness_validated,missing_formal_review_only,NA_not_reviewed,2026-04-26,cases/PERF/PERF_0108/manifest.yaml
PERF_0109,performance,JOB/IMDB,JOB 31c.sql；local source datasets/raw/job/staged/job/31c.sql；local JOB/IMDB corpus candidate promoted to case-local package,external,PG + MySQL + Spark witness-validated performance draft with positive/negative pair and PG/MySQL/Spark plan artifacts,not_assessed,formal skeleton complete；release-grade incomplete（PG + MySQL + Spark witness validated + PG/MySQL/Spark plans；registry newly added）,pg|mysql|spark,yes,complete,incomplete,not_assessed,human review package quality；decide whether to keep JOB-derived case and whether to advance toward formal review,job_imdb_tri_engine_perf_draft,witness_validated,not_assessed,witness_validated,missing_formal_review_only,NA_not_reviewed,2026-04-26,cases/PERF/PERF_0109/manifest.yaml
LONGTAIL_0003,longtail,SQLStorm,SQLStorm / stackoverflow 8708.sql；local source datasets/raw/sqlstorm/SQLStorm/v1.0/stackoverflow/queries/8708.sql；draft origin LONGTAIL_DRAFT_0001；local SQLStorm candidate promoted to case-local package,external,PG + MySQL + Spark witness-validated longtail draft with positive/negative pair and PG/MySQL/Spark plan artifacts,not_assessed,formal skeleton complete; release-grade incomplete（PG + MySQL + Spark witness validated + PG/MySQL/Spark plans；registry newly added）,pg|mysql|spark,yes,complete,incomplete,not_assessed,human review package quality；decide whether to keep SQLStorm-derived longtail case and whether to advance toward formal review,sqlstorm_longtail_tri_engine_draft,witness_validated,not_assessed,witness_validated,missing_formal_review_only,NA_not_reviewed,2026-04-26,cases/LONGTAIL/LONGTAIL_0003/manifest.yaml
LONGTAIL_0004,longtail,SQLStorm,SQLStorm / stackoverflow 13845.sql；local source datasets/raw/sqlstorm/SQLStorm/v1.0/stackoverflow/queries/13845.sql；draft origin LONGTAIL_DRAFT_0002；local SQLStorm candidate promoted to case-local package,external,PG + MySQL + Spark witness-validated longtail draft with positive/negative pair and PG/MySQL/Spark plan artifacts,not_assessed,formal skeleton complete; release-grade incomplete（PG + MySQL + Spark witness validated + PG/MySQL/Spark plans；registry newly added）,pg|mysql|spark,yes,complete,incomplete,not_assessed,human review package quality；decide whether to keep SQLStorm-derived longtail case and whether to advance toward formal review,sqlstorm_longtail_tri_engine_draft,witness_validated,not_assessed,witness_validated,missing_formal_review_only,NA_not_reviewed,2026-04-26,cases/LONGTAIL/LONGTAIL_0004/manifest.yaml
LONGTAIL_0005,longtail,SQLStorm,SQLStorm / stackoverflow 16141.sql；local source datasets/raw/sqlstorm/SQLStorm/v1.0/stackoverflow/queries/16141.sql；draft origin LONGTAIL_DRAFT_0004；local SQLStorm candidate promoted to case-local package,external,PG + MySQL + Spark witness-validated longtail draft with positive/negative pair and PG/MySQL/Spark plan artifacts,not_assessed,formal skeleton complete; release-grade incomplete（PG + MySQL + Spark witness validated + PG/MySQL/Spark plans；registry newly added）,pg|mysql|spark,yes,complete,incomplete,not_assessed,human review package quality；decide whether to keep SQLStorm-derived longtail case and whether to advance toward formal review,sqlstorm_longtail_tri_engine_draft,witness_validated,not_assessed,witness_validated,missing_formal_review_only,NA_not_reviewed,2026-04-26,cases/LONGTAIL/LONGTAIL_0005/manifest.yaml
LONGTAIL_0007,longtail,SQLStorm,SQLStorm / stackoverflow 12771.sql；local source datasets/raw/sqlstorm/SQLStorm/v1.0/stackoverflow/queries/12771.sql；draft origin LONGTAIL_DRAFT_0006；local SQLStorm candidate promoted to case-local package,external,PG + MySQL + Spark witness-validated longtail draft with positive/negative pair and PG/MySQL/Spark plan artifacts,not_assessed,formal skeleton complete; release-grade incomplete（PG + MySQL + Spark witness validated + PG/MySQL/Spark plans；registry newly added）,pg|mysql|spark,yes,complete,incomplete,not_assessed,human review package quality；decide whether to keep SQLStorm-derived longtail case and whether to advance toward formal review,sqlstorm_longtail_tri_engine_draft,witness_validated,not_assessed,witness_validated,missing_formal_review_only,NA_not_reviewed,2026-04-26,cases/LONGTAIL/LONGTAIL_0007/manifest.yaml
LONGTAIL_0009,longtail,SQLStorm,SQLStorm / stackoverflow 10183.sql；local source datasets/raw/sqlstorm/SQLStorm/v1.0/stackoverflow/queries/10183.sql；draft origin LONGTAIL_DRAFT_0003；local SQLStorm candidate promoted to case-local package,external,PG + MySQL + Spark witness-validated longtail draft with positive/negative pair and PG/MySQL/Spark plan artifacts,not_assessed,formal skeleton complete; release-grade incomplete（PG + MySQL + Spark witness validated + PG/MySQL/Spark plans；registry newly added）,pg|mysql|spark,yes,complete,incomplete,not_assessed,human review package quality；decide whether to keep SQLStorm-derived longtail case and whether to advance toward formal review,sqlstorm_longtail_tri_engine_draft,witness_validated,not_assessed,witness_validated,missing_formal_review_only,NA_not_reviewed,2026-04-26,cases/LONGTAIL/LONGTAIL_0009/manifest.yaml
LONGTAIL_0011,longtail,SQLStorm,SQLStorm / stackoverflow 6625.sql；local source datasets/raw/sqlstorm/SQLStorm/v1.0/stackoverflow/queries/6625.sql；draft origin LONGTAIL_DRAFT_0012；local SQLStorm candidate promoted to case-local package,external,PG + MySQL + Spark witness-validated longtail draft with positive/negative pair and PG/MySQL/Spark plan artifacts,not_assessed,formal skeleton complete; release-grade incomplete（PG + MySQL + Spark witness validated + PG/MySQL/Spark plans；registry newly added）,pg|mysql|spark,yes,complete,incomplete,not_assessed,human review package quality；decide whether to keep SQLStorm-derived longtail case and whether to advance toward formal review,sqlstorm_longtail_tri_engine_draft,witness_validated,not_assessed,witness_validated,missing_formal_review_only,NA_not_reviewed,2026-04-26,cases/LONGTAIL/LONGTAIL_0011/manifest.yaml
LONGTAIL_0014,longtail,SQLStorm,SQLStorm / stackoverflow 3369.sql；local source datasets/raw/sqlstorm/SQLStorm/v1.0/stackoverflow/queries/3369.sql；draft origin LONGTAIL_DRAFT_0028；local SQLStorm candidate promoted to case-local package,external,PG + MySQL + Spark witness-validated longtail draft with positive/negative pair and PG/MySQL/Spark plan artifacts,not_assessed,formal skeleton complete; release-grade incomplete（PG + MySQL + Spark witness validated + PG/MySQL/Spark plans；registry newly added）,pg|mysql|spark,yes,complete,incomplete,not_assessed,human review package quality；decide whether to keep SQLStorm-derived longtail case and whether to advance toward formal review,sqlstorm_longtail_tri_engine_draft,witness_validated,not_assessed,witness_validated,missing_formal_review_only,NA_not_reviewed,2026-04-26,cases/LONGTAIL/LONGTAIL_0014/manifest.yaml
LONGTAIL_0015,longtail,SQLStorm,SQLStorm / stackoverflow 10979.sql；local source datasets/raw/sqlstorm/SQLStorm/v1.0/stackoverflow/queries/10979.sql；draft origin LONGTAIL_DRAFT_0009；local SQLStorm candidate promoted to case-local package,external,PG + MySQL + Spark witness-validated longtail draft with positive/negative pair and PG/MySQL/Spark plan artifacts,not_assessed,formal skeleton complete; release-grade incomplete（PG + MySQL + Spark witness validated + PG/MySQL/Spark plans；registry newly added）,pg|mysql|spark,yes,complete,incomplete,not_assessed,human review package quality；decide whether to keep SQLStorm-derived longtail case and whether to advance toward formal review,sqlstorm_longtail_tri_engine_draft,witness_validated,not_assessed,witness_validated,missing_formal_review_only,NA_not_reviewed,2026-04-26,cases/LONGTAIL/LONGTAIL_0015/manifest.yaml
LONGTAIL_0019,longtail,SQLStorm,SQLStorm / stackoverflow 11951.sql；local source datasets/raw/sqlstorm/SQLStorm/v1.0/stackoverflow/queries/11951.sql；draft origin LONGTAIL_DRAFT_0020；local SQLStorm candidate promoted to case-local package,external,PG + MySQL + Spark witness-validated longtail draft with positive/negative pair and PG/MySQL/Spark plan artifacts,not_assessed,formal skeleton complete; release-grade incomplete（PG + MySQL + Spark witness validated + PG/MySQL/Spark plans；registry newly added）,pg|mysql|spark,yes,complete,incomplete,not_assessed,human review package quality；decide whether to keep SQLStorm-derived longtail case and whether to advance toward formal review,sqlstorm_longtail_tri_engine_draft,witness_validated,not_assessed,witness_validated,missing_formal_review_only,NA_not_reviewed,2026-04-26,cases/LONGTAIL/LONGTAIL_0019/manifest.yaml
LONGTAIL_0020,longtail,SQLStorm,SQLStorm / stackoverflow 11294.sql；local source datasets/raw/sqlstorm/SQLStorm/v1.0/stackoverflow/queries/11294.sql；draft origin LONGTAIL_DRAFT_0018；local SQLStorm candidate promoted to case-local package,external,PG + MySQL + Spark witness-validated longtail draft with positive/negative pair and PG/MySQL/Spark plan artifacts,not_assessed,formal skeleton complete; release-grade incomplete（PG + MySQL + Spark witness validated + PG/MySQL/Spark plans；registry newly added）,pg|mysql|spark,yes,complete,incomplete,not_assessed,human review package quality；decide whether to keep SQLStorm-derived longtail case and whether to advance toward formal review,sqlstorm_longtail_tri_engine_draft,witness_validated,not_assessed,witness_validated,missing_formal_review_only,NA_not_reviewed,2026-04-26,cases/LONGTAIL/LONGTAIL_0020/manifest.yaml
LONGTAIL_0008,longtail,SQLStorm,SQLStorm / stackoverflow 12754.sql；local source datasets/raw/sqlstorm/SQLStorm/v1.0/stackoverflow/queries/12754.sql；draft origin LONGTAIL_DRAFT_0007；local SQLStorm candidate promoted to case-local package,external,PG + MySQL + Spark witness-validated longtail draft with positive/negative pair and PG/MySQL/Spark plan artifacts,not_assessed,formal skeleton complete; release-grade incomplete（PG + MySQL + Spark witness validated + PG/MySQL/Spark plans；registry newly added）,pg|mysql|spark,yes,complete,incomplete,not_assessed,human review package quality；decide whether to keep SQLStorm-derived longtail case and whether to advance toward formal review,sqlstorm_longtail_tri_engine_draft,witness_validated,not_assessed,witness_validated,missing_formal_review_only,NA_not_reviewed,2026-04-26,cases/LONGTAIL/LONGTAIL_0008/manifest.yaml
LONGTAIL_0010,longtail,SQLStorm,SQLStorm / stackoverflow 10923.sql；local source datasets/raw/sqlstorm/SQLStorm/v1.0/stackoverflow/queries/10923.sql；draft origin LONGTAIL_DRAFT_0008；local SQLStorm candidate promoted to case-local package,external,PG + MySQL + Spark witness-validated longtail draft with positive/negative pair and PG/MySQL/Spark plan artifacts,not_assessed,formal skeleton complete; release-grade incomplete（PG + MySQL + Spark witness validated + PG/MySQL/Spark plans；registry newly added）,pg|mysql|spark,yes,complete,incomplete,not_assessed,human review package quality；decide whether to keep SQLStorm-derived longtail case and whether to advance toward formal review,sqlstorm_longtail_tri_engine_draft,witness_validated,not_assessed,witness_validated,missing_formal_review_only,NA_not_reviewed,2026-04-26,cases/LONGTAIL/LONGTAIL_0010/manifest.yaml
LONGTAIL_0016,longtail,SQLStorm,SQLStorm / stackoverflow 10426.sql；local source datasets/raw/sqlstorm/SQLStorm/v1.0/stackoverflow/queries/10426.sql；draft origin LONGTAIL_DRAFT_0010；local SQLStorm candidate promoted to case-local package,external,PG + MySQL + Spark witness-validated longtail draft with positive/negative pair and PG/MySQL/Spark plan artifacts,not_assessed,formal skeleton complete; release-grade incomplete（PG + MySQL + Spark witness validated + PG/MySQL/Spark plans；registry newly added）,pg|mysql|spark,yes,complete,incomplete,not_assessed,human review package quality；decide whether to keep SQLStorm-derived longtail case and whether to advance toward formal review,sqlstorm_longtail_tri_engine_draft,witness_validated,not_assessed,witness_validated,missing_formal_review_only,NA_not_reviewed,2026-04-26,cases/LONGTAIL/LONGTAIL_0016/manifest.yaml
LONGTAIL_0012,longtail,SQLStorm,SQLStorm / stackoverflow 7247.sql；local source datasets/raw/sqlstorm/SQLStorm/v1.0/stackoverflow/queries/7247.sql；draft origin LONGTAIL_DRAFT_0013；local SQLStorm candidate promoted to case-local package,external,PG + MySQL + Spark witness-validated longtail draft with positive/negative pair and PG/MySQL/Spark plan artifacts,not_assessed,formal skeleton complete; release-grade incomplete（PG + MySQL + Spark witness validated + PG/MySQL/Spark plans；registry newly added）,pg|mysql|spark,yes,complete,incomplete,not_assessed,human review package quality；decide whether to keep SQLStorm-derived longtail case and whether to advance toward formal review,sqlstorm_longtail_tri_engine_draft,witness_validated,not_assessed,witness_validated,missing_formal_review_only,NA_not_reviewed,2026-04-26,cases/LONGTAIL/LONGTAIL_0012/manifest.yaml
LONGTAIL_0013,longtail,SQLStorm,SQLStorm / stackoverflow 1298.sql；local source datasets/raw/sqlstorm/SQLStorm/v1.0/stackoverflow/queries/1298.sql；draft origin LONGTAIL_DRAFT_0021；local SQLStorm candidate promoted to case-local package,external,PG + MySQL + Spark witness-validated longtail draft with positive/negative pair and PG/MySQL/Spark plan artifacts,not_assessed,formal skeleton complete; release-grade incomplete（PG + MySQL + Spark witness validated + PG/MySQL/Spark plans；registry newly added）,pg|mysql|spark,yes,complete,incomplete,not_assessed,human review package quality；decide whether to keep SQLStorm-derived longtail case and whether to advance toward formal review,sqlstorm_longtail_tri_engine_draft,witness_validated,not_assessed,witness_validated,missing_formal_review_only,NA_not_reviewed,2026-04-26,cases/LONGTAIL/LONGTAIL_0013/manifest.yaml
LONGTAIL_0018,longtail,SQLStorm,SQLStorm / stackoverflow 11204.sql；local source datasets/raw/sqlstorm/SQLStorm/v1.0/stackoverflow/queries/11204.sql；draft origin LONGTAIL_DRAFT_0017；local SQLStorm candidate promoted to case-local package,external,PG + MySQL + Spark witness-validated longtail draft with positive/negative pair and PG/MySQL/Spark plan artifacts,not_assessed,formal skeleton complete; release-grade incomplete（PG + MySQL + Spark witness validated + PG/MySQL/Spark plans；registry newly added）,pg|mysql|spark,yes,complete,incomplete,not_assessed,human review package quality；decide whether to keep SQLStorm-derived longtail case and whether to advance toward formal review,sqlstorm_longtail_tri_engine_draft,witness_validated,not_assessed,witness_validated,missing_formal_review_only,NA_not_reviewed,2026-04-26,cases/LONGTAIL/LONGTAIL_0018/manifest.yaml
LONGTAIL_0021,longtail,SQLStorm,SQLStorm / stackoverflow 11502.sql；local source datasets/raw/sqlstorm/SQLStorm/v1.0/stackoverflow/queries/11502.sql；draft origin LONGTAIL_DRAFT_0019；local SQLStorm candidate promoted to case-local package,external,PG + MySQL + Spark witness-validated longtail draft with positive/negative pair and PG/MySQL/Spark plan artifacts,not_assessed,formal skeleton complete; release-grade incomplete（PG + MySQL + Spark witness validated + PG/MySQL/Spark plans；registry newly added）,pg|mysql|spark,yes,complete,incomplete,not_assessed,human review package quality；decide whether to keep SQLStorm-derived longtail case and whether to advance toward formal review,sqlstorm_longtail_tri_engine_draft,witness_validated,not_assessed,witness_validated,missing_formal_review_only,NA_not_reviewed,2026-04-26,cases/LONGTAIL/LONGTAIL_0021/manifest.yaml
CONS_0005,consistency,Calcite,Calcite / blank.iq correlated NOT IN table1/table2；local source datasets/raw/calcite/calcite/core/src/test/resources/sql/blank.iq；draft origin CONS_CALCITE_DRAFT_0001；local Calcite candidate promoted to case-local package,external,PG + MySQL + Spark witness-validated consistency draft with positive/negative pair and PG/MySQL/Spark plan artifacts,not_assessed,formal skeleton complete; release-grade incomplete（PG + MySQL + Spark witness validated + PG/MySQL/Spark plans；registry newly added）,pg|mysql|spark,yes,complete,incomplete,not_assessed,human review package quality；decide whether to keep Calcite-derived consistency case and whether to advance toward formal review,calcite_consistency_tri_engine_draft,witness_validated,not_assessed,witness_validated,missing_formal_review_only,NA_not_reviewed,2026-04-26,cases/CONS/CONS_0005/manifest.yaml
CONS_0007,consistency,Calcite,Calcite / blank.iq tmp_emps correlated EXISTS；local source datasets/raw/calcite/calcite/core/src/test/resources/sql/blank.iq；draft origin CONS_CALCITE_DRAFT_0005；local Calcite candidate promoted to case-local package,external,PG + MySQL + Spark witness-validated consistency draft with positive/negative pair and PG/MySQL/Spark plan artifacts,not_assessed,formal skeleton complete; release-grade incomplete（PG + MySQL + Spark witness validated + PG/MySQL/Spark plans；registry newly added）,pg|mysql|spark,yes,complete,incomplete,not_assessed,human review package quality；decide whether to keep Calcite-derived consistency case and whether to advance toward formal review,calcite_consistency_tri_engine_draft,witness_validated,not_assessed,witness_validated,missing_formal_review_only,NA_not_reviewed,2026-04-26,cases/CONS/CONS_0007/manifest.yaml
CONS_0009,consistency,Calcite,Calcite / sub-query.iq UNION ALL scalar predicate；local source datasets/raw/calcite/calcite/core/src/test/resources/sql/sub-query.iq；draft origin CONS_CALCITE_DRAFT_0014；local Calcite candidate promoted to case-local package,external,PG + MySQL + Spark witness-validated consistency draft with positive/negative pair and PG/MySQL/Spark plan artifacts,not_assessed,formal skeleton complete; release-grade incomplete（PG + MySQL + Spark witness validated + PG/MySQL/Spark plans；registry newly added）,pg|mysql|spark,yes,complete,incomplete,not_assessed,human review package quality；decide whether to keep Calcite-derived consistency case and whether to advance toward formal review,calcite_consistency_tri_engine_draft,witness_validated,not_assessed,witness_validated,missing_formal_review_only,NA_not_reviewed,2026-04-26,cases/CONS/CONS_0009/manifest.yaml
CONS_0012,consistency,Calcite,Calcite / sub-query.iq EXISTS LIMIT 1 OFFSET 2 threshold seed；local source datasets/raw/calcite/calcite/core/src/test/resources/sql/sub-query.iq；draft origin CONS_CALCITE_DRAFT_0024；local Calcite candidate promoted to case-local package,external,PG + MySQL + Spark witness-validated consistency draft with positive/negative pair and PG/MySQL/Spark plan artifacts,not_assessed,formal skeleton complete; release-grade incomplete（PG + MySQL + Spark witness validated + PG/MySQL/Spark plans；registry newly added）,pg|mysql|spark,yes,complete,incomplete,not_assessed,human review package quality；decide whether to keep Calcite-derived consistency case and whether to advance toward formal review,calcite_consistency_tri_engine_draft,witness_validated,not_assessed,witness_validated,missing_formal_review_only,NA_not_reviewed,2026-04-26,cases/CONS/CONS_0012/manifest.yaml
CONS_0013,consistency,Calcite,Calcite / sub-query.iq alias-shadow NOT IN b1；local source datasets/raw/calcite/calcite/core/src/test/resources/sql/sub-query.iq；draft origin CONS_CALCITE_DRAFT_0028；local Calcite candidate promoted to case-local package,external,PG + MySQL + Spark witness-validated consistency draft with positive/negative pair and PG/MySQL/Spark plan artifacts,not_assessed,formal skeleton complete; release-grade incomplete（PG + MySQL + Spark witness validated + PG/MySQL/Spark plans；registry newly added）,pg|mysql|spark,yes,complete,incomplete,not_assessed,human review package quality；decide whether to keep Calcite-derived consistency case and whether to advance toward formal review,calcite_consistency_tri_engine_draft,witness_validated,not_assessed,witness_validated,missing_formal_review_only,NA_not_reviewed,2026-04-26,cases/CONS/CONS_0013/manifest.yaml
CONS_0014,consistency,Calcite,Calcite / sub-query.iq alias-shadow NOT IN with preserved inner alias；local source datasets/raw/calcite/calcite/core/src/test/resources/sql/sub-query.iq；draft origin CONS_CALCITE_DRAFT_0030；local Calcite candidate promoted to case-local package,external,PG + MySQL + Spark witness-validated consistency draft with positive/negative pair and PG/MySQL/Spark plan artifacts,not_assessed,formal skeleton complete; release-grade incomplete（PG + MySQL + Spark witness validated + PG/MySQL/Spark plans；registry newly added）,pg|mysql|spark,yes,complete,incomplete,not_assessed,human review package quality；decide whether to keep Calcite-derived consistency case and whether to advance toward formal review,calcite_consistency_tri_engine_draft,witness_validated,not_assessed,witness_validated,missing_formal_review_only,NA_not_reviewed,2026-04-26,cases/CONS/CONS_0014/manifest.yaml
CONS_0008,consistency,Calcite,Calcite / sub-query.iq multi-correlation EXISTS t0/t1/t2；local source datasets/raw/calcite/calcite/core/src/test/resources/sql/sub-query.iq；draft origin CONS_CALCITE_DRAFT_0011；local Calcite candidate promoted to case-local package,external,PG + MySQL + Spark witness-validated consistency draft with positive/negative pair and PG/MySQL/Spark plan artifacts,not_assessed,formal skeleton complete; release-grade incomplete（PG + MySQL + Spark witness validated + PG/MySQL/Spark plans；registry newly added）,pg|mysql|spark,yes,complete,incomplete,not_assessed,human review package quality；decide whether to keep Calcite-derived consistency case and whether to advance toward formal review,calcite_consistency_tri_engine_draft,witness_validated,not_assessed,witness_validated,missing_formal_review_only,NA_not_reviewed,2026-04-26,cases/CONS/CONS_0008/manifest.yaml
CONS_0010,consistency,Calcite,Calcite / sub-query.iq NOT EXISTS EMP/BONUS duplicate-salary seed；local source datasets/raw/calcite/calcite/core/src/test/resources/sql/sub-query.iq；draft origin CONS_CALCITE_DRAFT_0017；local Calcite candidate promoted to case-local package,external,PG + MySQL + Spark witness-validated consistency draft with positive/negative pair and PG/MySQL/Spark plan artifacts,not_assessed,formal skeleton complete; release-grade incomplete（PG + MySQL + Spark witness validated + PG/MySQL/Spark plans；registry newly added）,pg|mysql|spark,yes,complete,incomplete,not_assessed,human review package quality；decide whether to keep Calcite-derived consistency case and whether to advance toward formal review,calcite_consistency_tri_engine_draft,witness_validated,not_assessed,witness_validated,missing_formal_review_only,NA_not_reviewed,2026-04-26,cases/CONS/CONS_0010/manifest.yaml
CONS_0011,consistency,Calcite,Calcite / sub-query.iq LEFT JOIN BONUS NULL-filter EXISTS；local source datasets/raw/calcite/calcite/core/src/test/resources/sql/sub-query.iq；draft origin CONS_CALCITE_DRAFT_0022；local Calcite candidate promoted to case-local package,external,PG + MySQL + Spark witness-validated consistency draft with positive/negative pair and PG/MySQL/Spark plan artifacts,not_assessed,formal skeleton complete; release-grade incomplete（PG + MySQL + Spark witness validated + PG/MySQL/Spark plans；registry newly added）,pg|mysql|spark,yes,complete,incomplete,not_assessed,human review package quality；decide whether to keep Calcite-derived consistency case and whether to advance toward formal review,calcite_consistency_tri_engine_draft,witness_validated,not_assessed,witness_validated,missing_formal_review_only,NA_not_reviewed,2026-04-26,cases/CONS/CONS_0011/manifest.yaml
CONS_0015,consistency,Calcite,Calcite / blank.iq global NOT IN OR i = 1；local source datasets/raw/calcite/calcite/core/src/test/resources/sql/blank.iq；draft origin CONS_CALCITE_DRAFT_0002；local Calcite candidate promoted to case-local package,external,PG + MySQL + Spark witness-validated consistency draft with positive/negative pair and PG/MySQL/Spark plan artifacts,not_assessed,formal skeleton complete; release-grade incomplete（PG + MySQL + Spark witness validated + PG/MySQL/Spark plans；registry newly added）,pg|mysql|spark,yes,complete,incomplete,not_assessed,human review package quality；decide whether to keep Calcite-derived consistency case and whether to advance toward formal review,calcite_consistency_tri_engine_draft,witness_validated,not_assessed,witness_validated,missing_formal_review_only,NA_not_reviewed,2026-04-26,cases/CONS/CONS_0015/manifest.yaml
CONS_0016,consistency,Calcite,Calcite / blank.iq global NOT IN OR j = 2；local source datasets/raw/calcite/calcite/core/src/test/resources/sql/blank.iq；draft origin CONS_CALCITE_DRAFT_0003；local Calcite candidate promoted to case-local package,external,PG + MySQL + Spark witness-validated consistency draft with positive/negative pair and PG/MySQL/Spark plan artifacts,not_assessed,formal skeleton complete; release-grade incomplete（PG + MySQL + Spark witness validated + PG/MySQL/Spark plans；registry newly added）,pg|mysql|spark,yes,complete,incomplete,not_assessed,human review package quality；decide whether to keep Calcite-derived consistency case and whether to advance toward formal review,calcite_consistency_tri_engine_draft,witness_validated,not_assessed,witness_validated,missing_formal_review_only,NA_not_reviewed,2026-04-26,cases/CONS/CONS_0016/manifest.yaml
CONS_0017,consistency,Calcite,Calcite / blank.iq EXISTS boolean projection over tmp_emps；local source datasets/raw/calcite/calcite/core/src/test/resources/sql/blank.iq；draft origin CONS_CALCITE_DRAFT_0006；local Calcite candidate promoted to case-local package,external,PG + MySQL + Spark witness-validated consistency draft with positive/negative pair and PG/MySQL/Spark plan artifacts,not_assessed,formal skeleton complete; release-grade incomplete（PG + MySQL + Spark witness validated + PG/MySQL/Spark plans；registry newly added）,pg|mysql|spark,yes,complete,incomplete,not_assessed,human review package quality；decide whether to keep Calcite-derived consistency case and whether to advance toward formal review,calcite_consistency_tri_engine_draft,witness_validated,not_assessed,witness_validated,missing_formal_review_only,NA_not_reviewed,2026-04-26,cases/CONS/CONS_0017/manifest.yaml
CONS_0018,consistency,Calcite,Calcite / sub-query.iq EXISTS over COUNT(*) guaranteed one row；local source datasets/raw/calcite/calcite/core/src/test/resources/sql/sub-query.iq；draft origin CONS_CALCITE_DRAFT_0007；local Calcite candidate promoted to case-local package,external,PG + MySQL + Spark witness-validated consistency draft with positive/negative pair and PG/MySQL/Spark plan artifacts,not_assessed,formal skeleton complete; release-grade incomplete（PG + MySQL + Spark witness validated + PG/MySQL/Spark plans；registry newly added）,pg|mysql|spark,yes,complete,incomplete,not_assessed,human review package quality；decide whether to keep Calcite-derived consistency case and whether to advance toward formal review,calcite_consistency_tri_engine_draft,witness_validated,not_assessed,witness_validated,missing_formal_review_only,NA_not_reviewed,2026-04-26,cases/CONS/CONS_0018/manifest.yaml
CONS_0019,consistency,Calcite,Calcite / sub-query.iq EXISTS over COUNT(*) with always-false filter；local source datasets/raw/calcite/calcite/core/src/test/resources/sql/sub-query.iq；draft origin CONS_CALCITE_DRAFT_0008；local Calcite candidate promoted to case-local package,external,PG + MySQL + Spark witness-validated consistency draft with positive/negative pair and PG/MySQL/Spark plan artifacts,not_assessed,formal skeleton complete; release-grade incomplete（PG + MySQL + Spark witness validated + PG/MySQL/Spark plans；registry newly added）,pg|mysql|spark,yes,complete,incomplete,not_assessed,human review package quality；decide whether to keep Calcite-derived consistency case and whether to advance toward formal review,calcite_consistency_tri_engine_draft,witness_validated,not_assessed,witness_validated,missing_formal_review_only,NA_not_reviewed,2026-04-26,cases/CONS/CONS_0019/manifest.yaml
CONS_0020,consistency,Calcite,Calcite / sub-query.iq NOT EXISTS over COUNT(*) HAVING FALSE；local source datasets/raw/calcite/calcite/core/src/test/resources/sql/sub-query.iq；draft origin CONS_CALCITE_DRAFT_0009；local Calcite candidate promoted to case-local package,external,PG + MySQL + Spark witness-validated consistency draft with positive/negative pair and PG/MySQL/Spark plan artifacts,not_assessed,formal skeleton complete; release-grade incomplete（PG + MySQL + Spark witness validated + PG/MySQL/Spark plans；registry newly added）,pg|mysql|spark,yes,complete,incomplete,not_assessed,human review package quality；decide whether to keep Calcite-derived consistency case and whether to advance toward formal review,calcite_consistency_tri_engine_draft,witness_validated,not_assessed,witness_validated,missing_formal_review_only,NA_not_reviewed,2026-04-26,cases/CONS/CONS_0020/manifest.yaml
CONS_0021,consistency,Calcite,Calcite / sub-query.iq correlated UNION ALL scalar sum；local source datasets/raw/calcite/calcite/core/src/test/resources/sql/sub-query.iq；draft origin CONS_CALCITE_DRAFT_0013；local Calcite candidate promoted to case-local package,external,PG + MySQL + Spark witness-validated consistency draft with positive/negative pair and PG/MySQL/Spark plan artifacts,not_assessed,formal skeleton complete; release-grade incomplete（PG + MySQL + Spark witness validated + PG/MySQL/Spark plans；registry newly added）,pg|mysql|spark,yes,complete,incomplete,not_assessed,human review package quality；decide whether to keep Calcite-derived consistency case and whether to advance toward formal review,calcite_consistency_tri_engine_draft,witness_validated,not_assessed,witness_validated,missing_formal_review_only,NA_not_reviewed,2026-04-26,cases/CONS/CONS_0021/manifest.yaml
CONS_0022,consistency,Calcite,Calcite / sub-query.iq EXISTS LEFT JOIN OR predicate；local source datasets/raw/calcite/calcite/core/src/test/resources/sql/sub-query.iq；draft origin CONS_CALCITE_DRAFT_0019；local Calcite candidate promoted to case-local package,external,PG + MySQL + Spark witness-validated consistency draft with positive/negative pair and PG/MySQL/Spark plan artifacts,not_assessed,formal skeleton complete; release-grade incomplete（PG + MySQL + Spark witness validated + PG/MySQL/Spark plans；registry newly added）,pg|mysql|spark,yes,complete,incomplete,not_assessed,human review package quality；decide whether to keep Calcite-derived consistency case and whether to advance toward formal review,calcite_consistency_tri_engine_draft,witness_validated,not_assessed,witness_validated,missing_formal_review_only,NA_not_reviewed,2026-04-26,cases/CONS/CONS_0022/manifest.yaml
CONS_0023,consistency,Calcite,Calcite / sub-query.iq COMM > correlated join count；local source datasets/raw/calcite/calcite/core/src/test/resources/sql/sub-query.iq；draft origin CONS_CALCITE_DRAFT_0020；local Calcite candidate promoted to case-local package,external,PG + MySQL + Spark witness-validated consistency draft with positive/negative pair and PG/MySQL/Spark plan artifacts,not_assessed,formal skeleton complete; release-grade incomplete（PG + MySQL + Spark witness validated + PG/MySQL/Spark plans；registry newly added）,pg|mysql|spark,yes,complete,incomplete,not_assessed,human review package quality；decide whether to keep Calcite-derived consistency case and whether to advance toward formal review,calcite_consistency_tri_engine_draft,witness_validated,not_assessed,witness_validated,missing_formal_review_only,NA_not_reviewed,2026-04-26,cases/CONS/CONS_0023/manifest.yaml
CONS_0024,consistency,Calcite,Calcite / sub-query.iq LEFT JOIN EXISTS HAVING SUM；local source datasets/raw/calcite/calcite/core/src/test/resources/sql/sub-query.iq；draft origin CONS_CALCITE_DRAFT_0026；local Calcite candidate promoted to case-local package,external,PG + MySQL + Spark witness-validated consistency draft with positive/negative pair and PG/MySQL/Spark plan artifacts,not_assessed,formal skeleton complete; release-grade incomplete（PG + MySQL + Spark witness validated + PG/MySQL/Spark plans；registry newly added）,pg|mysql|spark,yes,complete,incomplete,not_assessed,human review package quality；decide whether to keep Calcite-derived consistency case and whether to advance toward formal review,calcite_consistency_tri_engine_draft,witness_validated,not_assessed,witness_validated,missing_formal_review_only,NA_not_reviewed,2026-04-26,cases/CONS/CONS_0024/manifest.yaml
CONS_0006,consistency,Calcite,Calcite / blank.iq aggregate CASE seed；local source datasets/raw/calcite/calcite/core/src/test/resources/sql/blank.iq；draft origin CONS_CALCITE_DRAFT_0004；local Calcite candidate promoted to case-local package,external,PG + MySQL + Spark witness-validated consistency draft with positive/negative pair and PG/MySQL/Spark plan artifacts,not_assessed,formal skeleton complete; release-grade incomplete（PG + MySQL + Spark witness validated + PG/MySQL/Spark plans；registry newly added）,pg|mysql|spark,yes,complete,incomplete,not_assessed,human review package quality；decide whether to keep Calcite-derived consistency case and whether to advance toward formal review,calcite_consistency_tri_engine_draft,witness_validated,not_assessed,witness_validated,missing_formal_review_only,NA_not_reviewed,2026-04-26,cases/CONS/CONS_0006/manifest.yaml
CONS_0027,consistency,Calcite,Calcite / sub-query.iq EXISTS inner join OR predicate；local source datasets/raw/calcite/calcite/core/src/test/resources/sql/sub-query.iq；draft origin CONS_CALCITE_DRAFT_0018；local Calcite candidate promoted to case-local package,external,PG + MySQL + Spark witness-validated consistency draft with positive/negative pair and PG/MySQL/Spark plan artifacts,not_assessed,formal skeleton complete; release-grade incomplete（PG + MySQL + Spark witness validated + PG/MySQL/Spark plans；registry newly added）,pg|mysql|spark,yes,complete,incomplete,not_assessed,human review package quality；decide whether to keep Calcite-derived consistency case and whether to advance toward formal review,calcite_consistency_tri_engine_draft,witness_validated,not_assessed,witness_validated,missing_formal_review_only,NA_not_reviewed,2026-04-26,cases/CONS/CONS_0027/manifest.yaml
CONS_0028,consistency,Calcite,Calcite / sub-query.iq COMM > left-join correlated count；local source datasets/raw/calcite/calcite/core/src/test/resources/sql/sub-query.iq；draft origin CONS_CALCITE_DRAFT_0021；local Calcite candidate promoted to case-local package,external,PG + MySQL + Spark witness-validated consistency draft with positive/negative pair and PG/MySQL/Spark plan artifacts,not_assessed,formal skeleton complete; release-grade incomplete（PG + MySQL + Spark witness validated + PG/MySQL/Spark plans；registry newly added）,pg|mysql|spark,yes,complete,incomplete,not_assessed,human review package quality；decide whether to keep Calcite-derived consistency case and whether to advance toward formal review,calcite_consistency_tri_engine_draft,witness_validated,not_assessed,witness_validated,missing_formal_review_only,NA_not_reviewed,2026-04-26,cases/CONS/CONS_0028/manifest.yaml
CONS_0029,consistency,Calcite,Calcite / sub-query.iq LEFT JOIN BONUS EXISTS without NULL filter；local source datasets/raw/calcite/calcite/core/src/test/resources/sql/sub-query.iq；draft origin CONS_CALCITE_DRAFT_0023；local Calcite candidate promoted to case-local package,external,PG + MySQL + Spark witness-validated consistency draft with positive/negative pair and PG/MySQL/Spark plan artifacts,not_assessed,formal skeleton complete; release-grade incomplete（PG + MySQL + Spark witness validated + PG/MySQL/Spark plans；registry newly added）,pg|mysql|spark,yes,complete,incomplete,not_assessed,human review package quality；decide whether to keep Calcite-derived consistency case and whether to advance toward formal review,calcite_consistency_tri_engine_draft,witness_validated,not_assessed,witness_validated,missing_formal_review_only,NA_not_reviewed,2026-04-26,cases/CONS/CONS_0029/manifest.yaml
CONS_0030,consistency,Calcite,Calcite / sub-query.iq LEFT JOIN EXISTS HAVING SUM with name condition；local source datasets/raw/calcite/calcite/core/src/test/resources/sql/sub-query.iq；draft origin CONS_CALCITE_DRAFT_0027；local Calcite candidate promoted to case-local package,external,PG + MySQL + Spark witness-validated consistency draft with positive/negative pair and PG/MySQL/Spark plan artifacts,not_assessed,formal skeleton complete; release-grade incomplete（PG + MySQL + Spark witness validated + PG/MySQL/Spark plans；registry newly added）,pg|mysql|spark,yes,complete,incomplete,not_assessed,human review package quality；decide whether to keep Calcite-derived consistency case and whether to advance toward formal review,calcite_consistency_tri_engine_draft,witness_validated,not_assessed,witness_validated,missing_formal_review_only,NA_not_reviewed,2026-04-26,cases/CONS/CONS_0030/manifest.yaml
CONS_0032,consistency,VeriEQL,Calcite-397 / 46 correlated NOT IN over derived EMP rows；local source datasets/raw/verieql/staged/VeriEQL/benchmarks/calcite/calcite2.jsonlines#index=46；draft origin CONS_VERIEQL_DRAFT_0002；local VeriEQL candidate promoted to case-local package,external,PG + MySQL + Spark witness-validated consistency draft with positive/negative pair and PG/MySQL/Spark plan artifacts,not_assessed,formal skeleton complete; release-grade incomplete（PG + MySQL + Spark witness validated + PG/MySQL/Spark plans；registry newly added）,pg|mysql|spark,yes,complete,incomplete,not_assessed,human review package quality；decide whether to keep VeriEQL-derived consistency case and whether to advance toward formal review,verieql_consistency_tri_engine_draft,witness_validated,not_assessed,witness_validated,missing_formal_review_only,NA_not_reviewed,2026-04-26,cases/CONS/CONS_0032/manifest.yaml
CONS_0035,consistency,VeriEQL,Calcite-397 / 103 COUNT(nullable mgr) simplification；local source datasets/raw/verieql/staged/VeriEQL/benchmarks/calcite/calcite2.jsonlines#index=103；draft origin CONS_VERIEQL_DRAFT_0005；local VeriEQL candidate promoted to case-local package,external,PG + MySQL + Spark witness-validated consistency draft with positive/negative pair and PG/MySQL/Spark plan artifacts,not_assessed,formal skeleton complete; release-grade incomplete（PG + MySQL + Spark witness validated + PG/MySQL/Spark plans；registry newly added）,pg|mysql|spark,yes,complete,incomplete,not_assessed,human review package quality；decide whether to keep VeriEQL-derived consistency case and whether to advance toward formal review,verieql_consistency_tri_engine_draft,witness_validated,not_assessed,witness_validated,missing_formal_review_only,NA_not_reviewed,2026-04-26,cases/CONS/CONS_0035/manifest.yaml
CONS_0036,consistency,VeriEQL,Calcite-397 / 124 HAVING predicate pushdown on DEPT names；local source datasets/raw/verieql/staged/VeriEQL/benchmarks/calcite/calcite2.jsonlines#index=124；draft origin CONS_VERIEQL_DRAFT_0006；local VeriEQL candidate promoted to case-local package,external,PG + MySQL + Spark witness-validated consistency draft with positive/negative pair and PG/MySQL/Spark plan artifacts,not_assessed,formal skeleton complete; release-grade incomplete（PG + MySQL + Spark witness validated + PG/MySQL/Spark plans；registry newly added）,pg|mysql|spark,yes,complete,incomplete,not_assessed,human review package quality；decide whether to keep VeriEQL-derived consistency case and whether to advance toward formal review,verieql_consistency_tri_engine_draft,witness_validated,not_assessed,witness_validated,missing_formal_review_only,NA_not_reviewed,2026-04-26,cases/CONS/CONS_0036/manifest.yaml
CONS_0037,consistency,VeriEQL,Calcite-397 / 223 COUNT(DISTINCT joined name) under removable LEFT JOIN；local source datasets/raw/verieql/staged/VeriEQL/benchmarks/calcite/calcite2.jsonlines#index=223；draft origin CONS_VERIEQL_DRAFT_0007；local VeriEQL candidate promoted to case-local package,external,PG + MySQL + Spark witness-validated consistency draft with positive/negative pair and PG/MySQL/Spark plan artifacts,not_assessed,formal skeleton complete; release-grade incomplete（PG + MySQL + Spark witness validated + PG/MySQL/Spark plans；registry newly added）,pg|mysql|spark,yes,complete,incomplete,not_assessed,human review package quality；decide whether to keep VeriEQL-derived consistency case and whether to advance toward formal review,verieql_consistency_tri_engine_draft,witness_validated,not_assessed,witness_validated,missing_formal_review_only,NA_not_reviewed,2026-04-26,cases/CONS/CONS_0037/manifest.yaml
CONS_0038,consistency,VeriEQL,Calcite-397 / 319 boolean EXISTS projection over EMP；local source datasets/raw/verieql/staged/VeriEQL/benchmarks/calcite/calcite2.jsonlines#index=319；draft origin CONS_VERIEQL_DRAFT_0008；local VeriEQL candidate promoted to case-local package,external,PG + MySQL + Spark witness-validated consistency draft with positive/negative pair and PG/MySQL/Spark plan artifacts,not_assessed,formal skeleton complete; release-grade incomplete（PG + MySQL + Spark witness validated + PG/MySQL/Spark plans；registry newly added）,pg|mysql|spark,yes,complete,incomplete,not_assessed,human review package quality；decide whether to keep VeriEQL-derived consistency case and whether to advance toward formal review,verieql_consistency_tri_engine_draft,witness_validated,not_assessed,witness_validated,missing_formal_review_only,NA_not_reviewed,2026-04-26,cases/CONS/CONS_0038/manifest.yaml
CONS_0039,consistency,VeriEQL,Calcite-397 / 346 EXISTS disjunction over EMP；local source datasets/raw/verieql/staged/VeriEQL/benchmarks/calcite/calcite2.jsonlines#index=346；draft origin CONS_VERIEQL_DRAFT_0009；local VeriEQL candidate promoted to case-local package,external,PG + MySQL + Spark witness-validated consistency draft with positive/negative pair and PG/MySQL/Spark plan artifacts,not_assessed,formal skeleton complete; release-grade incomplete（PG + MySQL + Spark witness validated + PG/MySQL/Spark plans；registry newly added）,pg|mysql|spark,yes,complete,incomplete,not_assessed,human review package quality；decide whether to keep VeriEQL-derived consistency case and whether to advance toward formal review,verieql_consistency_tri_engine_draft,witness_validated,not_assessed,witness_validated,missing_formal_review_only,NA_not_reviewed,2026-04-26,cases/CONS/CONS_0039/manifest.yaml
CONS_0040,consistency,VeriEQL,Calcite-397 / 359 null-sensitive IN with CASTed deptno；local source datasets/raw/verieql/staged/VeriEQL/benchmarks/calcite/calcite2.jsonlines#index=359；draft origin CONS_VERIEQL_DRAFT_0010；local VeriEQL candidate promoted to case-local package,external,PG + MySQL + Spark witness-validated consistency draft with positive/negative pair and PG/MySQL/Spark plan artifacts,not_assessed,formal skeleton complete; release-grade incomplete（PG + MySQL + Spark witness validated + PG/MySQL/Spark plans；registry newly added）,pg|mysql|spark,yes,complete,incomplete,not_assessed,human review package quality；decide whether to keep VeriEQL-derived consistency case and whether to advance toward formal review,verieql_consistency_tri_engine_draft,witness_validated,not_assessed,witness_validated,missing_formal_review_only,NA_not_reviewed,2026-04-26,cases/CONS/CONS_0040/manifest.yaml
CONS_0034,consistency,VeriEQL,Calcite-397 / 94 LEFT JOIN CASE aggregation rewrite；local source datasets/raw/verieql/staged/VeriEQL/benchmarks/calcite/calcite2.jsonlines#index=94；draft origin CONS_VERIEQL_DRAFT_0004；local VeriEQL candidate promoted to case-local package,external,PG + MySQL + Spark witness-validated consistency draft with positive/negative pair and PG/MySQL/Spark plan artifacts,not_assessed,formal skeleton complete; release-grade incomplete（PG + MySQL + Spark witness validated + PG/MySQL/Spark plans；registry newly added）,pg|mysql|spark,yes,complete,incomplete,not_assessed,human review package quality；decide whether to keep VeriEQL-derived consistency case and whether to advance toward formal review,verieql_consistency_tri_engine_draft,witness_validated,not_assessed,witness_validated,missing_formal_review_only,NA_not_reviewed,2026-04-26,cases/CONS/CONS_0034/manifest.yaml
CONS_0031,consistency,VeriEQL,Calcite-397 / 23 EXISTS and NOT EXISTS over EMP；local source datasets/raw/verieql/staged/VeriEQL/benchmarks/calcite/calcite2.jsonlines#index=23；draft origin CONS_VERIEQL_DRAFT_0001；local VeriEQL candidate promoted to case-local package,external,PG + MySQL + Spark witness-validated consistency draft with positive/negative pair and PG/MySQL/Spark plan artifacts,not_assessed,formal skeleton complete; release-grade incomplete（PG + MySQL + Spark witness validated + PG/MySQL/Spark plans；registry newly added）,pg|mysql|spark,yes,complete,incomplete,not_assessed,human review package quality；decide whether to keep VeriEQL-derived consistency case and whether to advance toward formal review,verieql_consistency_tri_engine_draft,witness_validated,not_assessed,witness_validated,missing_formal_review_only,NA_not_reviewed,2026-04-26,cases/CONS/CONS_0031/manifest.yaml
CONS_0033,consistency,VeriEQL,Calcite-397 / 48 correlated NOT IN against DEPT names；local source datasets/raw/verieql/staged/VeriEQL/benchmarks/calcite/calcite2.jsonlines#index=48；draft origin CONS_VERIEQL_DRAFT_0003；local VeriEQL candidate promoted to case-local package,external,PG + MySQL + Spark witness-validated consistency draft with positive/negative pair and PG/MySQL/Spark plan artifacts,not_assessed,formal skeleton complete; release-grade incomplete（PG + MySQL + Spark witness validated + PG/MySQL/Spark plans；registry newly added）,pg|mysql|spark,yes,complete,incomplete,not_assessed,human review package quality；decide whether to keep VeriEQL-derived consistency case and whether to advance toward formal review,verieql_consistency_tri_engine_draft,witness_validated,not_assessed,witness_validated,missing_formal_review_only,NA_not_reviewed,2026-04-26,cases/CONS/CONS_0033/manifest.yaml
CONS_0025,consistency,Calcite,Calcite / sub-query.iq two-level nested dept EXISTS；local source datasets/raw/calcite/calcite/core/src/test/resources/sql/sub-query.iq；draft origin CONS_CALCITE_DRAFT_0010；local Calcite candidate promoted to case-local package,external,PG + MySQL + Spark witness-validated consistency draft with positive/negative pair and PG/MySQL/Spark plan artifacts,not_assessed,formal skeleton complete; release-grade incomplete（PG + MySQL + Spark witness validated + PG/MySQL/Spark plans；registry newly added）,pg|mysql|spark,yes,complete,incomplete,not_assessed,human review package quality；decide whether to keep Calcite-derived consistency case and whether to advance toward formal review,calcite_consistency_tri_engine_draft,witness_validated,not_assessed,witness_validated,missing_formal_review_only,NA_not_reviewed,2026-04-26,cases/CONS/CONS_0025/manifest.yaml
CONS_0026,consistency,Calcite,Calcite / sub-query.iq scalar group count from correlated subquery；local source datasets/raw/calcite/calcite/core/src/test/resources/sql/sub-query.iq；draft origin CONS_CALCITE_DRAFT_0012；local Calcite candidate promoted to case-local package,external,PG + MySQL + Spark witness-validated consistency draft with positive/negative pair and PG/MySQL/Spark plan artifacts,not_assessed,formal skeleton complete; release-grade incomplete（PG + MySQL + Spark witness validated + PG/MySQL/Spark plans；registry newly added）,pg|mysql|spark,yes,complete,incomplete,not_assessed,human review package quality；decide whether to keep Calcite-derived consistency case and whether to advance toward formal review,calcite_consistency_tri_engine_draft,witness_validated,not_assessed,witness_validated,missing_formal_review_only,NA_not_reviewed,2026-04-26,cases/CONS/CONS_0026/manifest.yaml
PORT_0006,portability,PARROT,BIRD mysql_res.json[22]；local source datasets/raw/parrot/PARROT/benchmark/BIRD/mysql_res.json[22]；draft origin PORT_PARROT_DRAFT_0011；tracked cross-dialect result evidence in cases/PORT/PORT_0006/runs/result_check.json；tracked draft plan evidence in cases/PORT/PORT_0006/runs/plan_check.json,external,draft portability case with tracked cross-dialect result evidence and tracked draft plan evidence,staged,draft package with tracked result evidence and tracked draft plan evidence; release hardening incomplete,mysql|pg|spark,yes,complete,incomplete,staged_not_yet_admitted,human review；portability review-prep packet；later admission decision；plan semantics not formally reviewed,parrot_portability_cross_dialect_draft,witness_validated,not_yet_admitted,not_yet_admitted,missing_formal_review_and_portability_review_prep,NA_not_reviewed,2026-04-28,cases/PORT/PORT_0006/runs/plan_check.json
PORT_0003,portability,PARROT,BIRD pg_res.json[3]；local source datasets/raw/parrot/PARROT/benchmark/BIRD/pg_res.json[3]；draft origin PORT_PARROT_DRAFT_0002；tracked cross-dialect result evidence in cases/PORT/PORT_0003/runs/result_check.json；tracked draft plan evidence in cases/PORT/PORT_0003/runs/plan_check.json,external,draft portability case with tracked cross-dialect result evidence and tracked draft plan evidence,staged,draft package with tracked result evidence and tracked draft plan evidence; release hardening incomplete,pg|mysql|spark,yes,complete,incomplete,staged_not_yet_admitted,human review；portability review-prep packet；later admission decision；plan semantics not formally reviewed,parrot_portability_cross_dialect_draft,witness_validated,not_yet_admitted,not_yet_admitted,missing_formal_review_and_portability_review_prep,NA_not_reviewed,2026-04-28,cases/PORT/PORT_0003/runs/plan_check.json
PORT_0004,portability,PARROT,BIRD mysql_res.json[3]；local source datasets/raw/parrot/PARROT/benchmark/BIRD/mysql_res.json[3]；draft origin PORT_PARROT_DRAFT_0004；tracked cross-dialect result evidence in cases/PORT/PORT_0004/runs/result_check.json；tracked draft plan evidence in cases/PORT/PORT_0004/runs/plan_check.json,external,draft portability case with tracked cross-dialect result evidence and tracked draft plan evidence,staged,draft package with tracked result evidence and tracked draft plan evidence; release hardening incomplete,mysql|pg|spark,yes,complete,incomplete,staged_not_yet_admitted,human review；portability review-prep packet / later formal review；later admission decision；plan semantics not formally reviewed,parrot_portability_cross_dialect_draft,witness_validated,not_yet_admitted,not_yet_admitted,missing_formal_review_and_portability_review_prep,NA_not_reviewed,2026-04-29,cases/PORT/PORT_0004/runs/plan_check.json
PORT_0005,portability,PARROT,BIRD pg_res.json[9]；local source datasets/raw/parrot/PARROT/benchmark/BIRD/pg_res.json[9]；draft origin PORT_PARROT_DRAFT_0006；tracked cross-dialect result evidence in cases/PORT/PORT_0005/runs/result_check.json；tracked draft plan evidence in cases/PORT/PORT_0005/runs/plan_check.json,external,draft portability case with tracked cross-dialect result evidence and tracked draft plan evidence,staged,draft package with tracked result evidence and tracked draft plan evidence; release hardening incomplete,pg|mysql|spark,yes,complete,incomplete,staged_not_yet_admitted,human review；portability review-prep packet / later formal review；later admission decision；plan semantics not formally reviewed,parrot_portability_cross_dialect_draft,witness_validated,not_yet_admitted,not_yet_admitted,missing_formal_review_and_portability_review_prep,NA_not_reviewed,2026-04-29,cases/PORT/PORT_0005/runs/plan_check.json
PORT_0008,portability,PARROT,BIRD pg_res.json[4]；local source datasets/raw/parrot/PARROT/benchmark/BIRD/pg_res.json[4]；draft origin PORT_DRAFT_0002；tracked cross-dialect result evidence in cases/PORT/PORT_0008/runs/result_check.json；tracked draft plan evidence in cases/PORT/PORT_0008/runs/plan_check.json,external,draft portability case with tracked cross-dialect result evidence and tracked draft plan evidence,staged,draft package with tracked result evidence and tracked draft plan evidence; release hardening incomplete,pg|mysql|spark,yes,complete,incomplete,staged_not_yet_admitted,human review；portability review-prep packet / later formal review；later admission decision；plan semantics not formally reviewed,parrot_portability_cross_dialect_draft,witness_validated,not_yet_admitted,not_yet_admitted,missing_formal_review_and_portability_review_prep,NA_not_reviewed,2026-04-29,cases/PORT/PORT_0008/runs/plan_check.json
PORT_0009,portability,PARROT,BIRD pg_res.json[6]；local source datasets/raw/parrot/PARROT/benchmark/BIRD/pg_res.json[6]；draft origin PORT_DRAFT_0003；tracked cross-dialect result evidence in cases/PORT/PORT_0009/runs/result_check.json；tracked draft plan evidence in cases/PORT/PORT_0009/runs/plan_check.json,external,draft portability case with tracked cross-dialect result evidence and tracked draft plan evidence,staged,draft package with tracked result evidence and tracked draft plan evidence; release hardening incomplete,pg|mysql|spark,yes,complete,incomplete,staged_not_yet_admitted,human review；portability review-prep packet / later formal review；later admission decision；plan semantics not formally reviewed,parrot_portability_cross_dialect_draft,witness_validated,not_yet_admitted,not_yet_admitted,missing_formal_review_and_portability_review_prep,NA_not_reviewed,2026-04-29,cases/PORT/PORT_0009/runs/plan_check.json
PORT_0010,portability,PARROT,BIRD pg_res.json[10]；local source datasets/raw/parrot/PARROT/benchmark/BIRD/pg_res.json[10]；draft origin PORT_DRAFT_0005；tracked cross-dialect result evidence in cases/PORT/PORT_0010/runs/result_check.json；tracked draft plan evidence in cases/PORT/PORT_0010/runs/plan_check.json,external,draft portability case with tracked cross-dialect result evidence and tracked draft plan evidence,staged,draft package with tracked result evidence and tracked draft plan evidence; release hardening incomplete,pg|mysql|spark,yes,complete,incomplete,staged_not_yet_admitted,human review；portability review-prep packet / later formal review；later admission decision；plan semantics not formally reviewed,parrot_portability_cross_dialect_draft,witness_validated,not_yet_admitted,not_yet_admitted,missing_formal_review_and_portability_review_prep,NA_not_reviewed,2026-04-29,cases/PORT/PORT_0010/runs/plan_check.json
PORT_0011,portability,PARROT,BIRD pg_res.json[11]；local source datasets/raw/parrot/PARROT/benchmark/BIRD/pg_res.json[11]；draft origin PORT_DRAFT_0006；tracked cross-dialect result evidence in cases/PORT/PORT_0011/runs/result_check.json；tracked draft plan evidence in cases/PORT/PORT_0011/runs/plan_check.json,external,draft portability case with tracked cross-dialect result evidence and tracked draft plan evidence,staged,draft package with tracked result evidence and tracked draft plan evidence; release hardening incomplete,pg|mysql|spark,yes,complete,incomplete,staged_not_yet_admitted,human review；portability review-prep packet / later formal review；later admission decision；plan semantics not formally reviewed,parrot_portability_cross_dialect_draft,witness_validated,not_yet_admitted,not_yet_admitted,missing_formal_review_and_portability_review_prep,NA_not_reviewed,2026-04-29,cases/PORT/PORT_0011/runs/plan_check.json
PORT_0012,portability,PARROT,BIRD pg_res.json[12]；local source datasets/raw/parrot/PARROT/benchmark/BIRD/pg_res.json[12]；draft origin PORT_DRAFT_0007；tracked cross-dialect result evidence in cases/PORT/PORT_0012/runs/result_check.json；tracked draft plan evidence in cases/PORT/PORT_0012/runs/plan_check.json,external,draft portability case with tracked cross-dialect result evidence and tracked draft plan evidence,staged,draft package with tracked result evidence and tracked draft plan evidence; release hardening incomplete,pg|mysql|spark,yes,complete,incomplete,staged_not_yet_admitted,human review；portability review-prep packet / later formal review；later admission decision；plan semantics not formally reviewed,parrot_portability_cross_dialect_draft,witness_validated,not_yet_admitted,not_yet_admitted,missing_formal_review_and_portability_review_prep,NA_not_reviewed,2026-04-29,cases/PORT/PORT_0012/runs/plan_check.json
PORT_0013,portability,PARROT,BIRD mysql_res.json[23]；local source datasets/raw/parrot/PARROT/benchmark/BIRD/mysql_res.json[23]；draft origin PORT_DRAFT_0013；tracked cross-dialect result evidence in cases/PORT/PORT_0013/runs/result_check.json；tracked draft plan evidence in cases/PORT/PORT_0013/runs/plan_check.json,external,draft portability case with tracked cross-dialect result evidence and tracked draft plan evidence,staged,draft package with tracked result evidence and tracked draft plan evidence; release hardening incomplete,mysql|pg|spark,yes,complete,incomplete,staged_not_yet_admitted,human review；portability review-prep packet / later formal review；later admission decision；plan semantics not formally reviewed,parrot_portability_cross_dialect_draft,witness_validated,not_yet_admitted,not_yet_admitted,missing_formal_review_and_portability_review_prep,NA_not_reviewed,2026-04-29,cases/PORT/PORT_0013/runs/plan_check.json
PORT_0014,portability,PARROT,BIRD mysql_res.json[25]；local source datasets/raw/parrot/PARROT/benchmark/BIRD/mysql_res.json[25]；draft origin PORT_DRAFT_0015；tracked cross-dialect result evidence in cases/PORT/PORT_0014/runs/result_check.json；tracked draft plan evidence in cases/PORT/PORT_0014/runs/plan_check.json,external,draft portability case with tracked cross-dialect result evidence and tracked draft plan evidence,staged,draft package with tracked result evidence and tracked draft plan evidence; release hardening incomplete,mysql|pg|spark,yes,complete,incomplete,staged_not_yet_admitted,human review；portability review-prep packet / later formal review；later admission decision；plan semantics not formally reviewed,parrot_portability_cross_dialect_draft,witness_validated,not_yet_admitted,not_yet_admitted,missing_formal_review_and_portability_review_prep,NA_not_reviewed,2026-04-29,cases/PORT/PORT_0014/runs/plan_check.json
PORT_0015,portability,PARROT,BIRD mysql_res.json[41]；local source datasets/raw/parrot/PARROT/benchmark/BIRD/mysql_res.json[41]；draft origin PORT_DRAFT_0017；tracked cross-dialect result evidence in cases/PORT/PORT_0015/runs/result_check.json；tracked draft plan evidence in cases/PORT/PORT_0015/runs/plan_check.json,external,draft portability case with tracked cross-dialect result evidence and tracked draft plan evidence,staged,draft package with tracked result evidence and tracked draft plan evidence; release hardening incomplete,mysql|pg|spark,yes,complete,incomplete,staged_not_yet_admitted,human review；portability review-prep packet / later formal review；later admission decision；plan semantics not formally reviewed,parrot_portability_cross_dialect_draft,witness_validated,not_yet_admitted,not_yet_admitted,missing_formal_review_and_portability_review_prep,NA_not_reviewed,2026-04-29,cases/PORT/PORT_0015/runs/plan_check.json
PORT_0016,portability,PARROT,BIRD mysql_res.json[44]；local source datasets/raw/parrot/PARROT/benchmark/BIRD/mysql_res.json[44]；draft origin PORT_DRAFT_0018；tracked cross-dialect result evidence in cases/PORT/PORT_0016/runs/result_check.json；tracked draft plan evidence in cases/PORT/PORT_0016/runs/plan_check.json,external,draft portability case with tracked cross-dialect result evidence and tracked draft plan evidence,staged,draft package with tracked result evidence and tracked draft plan evidence; release hardening incomplete,mysql|pg|spark,yes,complete,incomplete,staged_not_yet_admitted,human review；portability review-prep packet / later formal review；later admission decision；plan semantics not formally reviewed,parrot_portability_cross_dialect_draft,witness_validated,not_yet_admitted,not_yet_admitted,missing_formal_review_and_portability_review_prep,NA_not_reviewed,2026-04-30,cases/PORT/PORT_0016/runs/plan_check.json
PORT_0017,portability,PARROT,BIRD mysql_res.json[46]；local source datasets/raw/parrot/PARROT/benchmark/BIRD/mysql_res.json[46]；draft origin PORT_DRAFT_0019；tracked cross-dialect result evidence in cases/PORT/PORT_0017/runs/result_check.json；tracked draft plan evidence in cases/PORT/PORT_0017/runs/plan_check.json,external,draft portability case with tracked cross-dialect result evidence and tracked draft plan evidence,staged,draft package with tracked result evidence and tracked draft plan evidence; release hardening incomplete,mysql|pg|spark,yes,complete,incomplete,staged_not_yet_admitted,human review；portability review-prep packet / later formal review；later admission decision；plan semantics not formally reviewed,parrot_portability_cross_dialect_draft,witness_validated,not_yet_admitted,not_yet_admitted,missing_formal_review_and_portability_review_prep,NA_not_reviewed,2026-04-29,cases/PORT/PORT_0017/runs/plan_check.json
PORT_0018,portability,PARROT,BIRD pg_res.json[14]；local source datasets/raw/parrot/PARROT/benchmark/BIRD/pg_res.json[14]；draft origin PORT_DRAFT_0021；tracked cross-dialect result evidence in cases/PORT/PORT_0018/runs/result_check.json；tracked draft plan evidence in cases/PORT/PORT_0018/runs/plan_check.json,external,draft portability case with tracked cross-dialect result evidence and tracked draft plan evidence,staged,draft package with tracked result evidence and tracked draft plan evidence; release hardening incomplete,pg|mysql|spark,yes,complete,incomplete,staged_not_yet_admitted,human review；portability review-prep packet / later formal review；later admission decision；plan semantics not formally reviewed,parrot_portability_cross_dialect_draft,witness_validated,not_yet_admitted,not_yet_admitted,missing_formal_review_and_portability_review_prep,NA_not_reviewed,2026-04-30,cases/PORT/PORT_0018/runs/plan_check.json
PORT_0019,portability,PARROT,BIRD pg_res.json[15]；local source datasets/raw/parrot/PARROT/benchmark/BIRD/pg_res.json[15]；draft origin PORT_DRAFT_0022；tracked cross-dialect result evidence in cases/PORT/PORT_0019/runs/result_check.json；tracked draft plan evidence in cases/PORT/PORT_0019/runs/plan_check.json,external,draft portability case with tracked cross-dialect result evidence and tracked draft plan evidence,staged,draft package with tracked result evidence and tracked draft plan evidence; release hardening incomplete,pg|mysql|spark,yes,complete,incomplete,staged_not_yet_admitted,human review；portability review-prep packet / later formal review；later admission decision；plan semantics not formally reviewed,parrot_portability_cross_dialect_draft,witness_validated,not_yet_admitted,not_yet_admitted,missing_formal_review_and_portability_review_prep,NA_not_reviewed,2026-04-30,cases/PORT/PORT_0019/runs/plan_check.json
PORT_0020,portability,PARROT,BIRD pg_res.json[16]；local source datasets/raw/parrot/PARROT/benchmark/BIRD/pg_res.json[16]；draft origin PORT_DRAFT_0023；tracked cross-dialect result evidence in cases/PORT/PORT_0020/runs/result_check.json；tracked draft plan evidence in cases/PORT/PORT_0020/runs/plan_check.json,external,draft portability case with tracked cross-dialect result evidence and tracked draft plan evidence,staged,draft package with tracked result evidence and tracked draft plan evidence; release hardening incomplete,pg|mysql|spark,yes,complete,incomplete,staged_not_yet_admitted,human review；portability review-prep packet / later formal review；later admission decision；plan semantics not formally reviewed,parrot_portability_cross_dialect_draft,witness_validated,not_yet_admitted,not_yet_admitted,missing_formal_review_and_portability_review_prep,NA_not_reviewed,2026-04-30,cases/PORT/PORT_0020/runs/plan_check.json
PORT_0021,portability,PARROT,BIRD pg_res.json[17]；local source datasets/raw/parrot/PARROT/benchmark/BIRD/pg_res.json[17]；draft origin PORT_DRAFT_0024；tracked cross-dialect result evidence in cases/PORT/PORT_0021/runs/result_check.json；tracked draft plan evidence in cases/PORT/PORT_0021/runs/plan_check.json,external,draft portability case with tracked cross-dialect result evidence and tracked draft plan evidence,staged,draft package with tracked result evidence and tracked draft plan evidence; release hardening incomplete,pg|mysql|spark,yes,complete,incomplete,staged_not_yet_admitted,human review；portability review-prep packet / later formal review；later admission decision；plan semantics not formally reviewed,parrot_portability_cross_dialect_draft,witness_validated,not_yet_admitted,not_yet_admitted,missing_formal_review_and_portability_review_prep,NA_not_reviewed,2026-04-30,cases/PORT/PORT_0021/runs/plan_check.json
PORT_0022,portability,PARROT,BIRD mysql_res.json[0]；local source datasets/raw/parrot/PARROT/benchmark/BIRD/mysql_res.json[0]；draft origin PORT_DRAFT_0025；tracked cross-dialect result evidence in cases/PORT/PORT_0022/runs/result_check.json；tracked draft plan evidence in cases/PORT/PORT_0022/runs/plan_check.json,external,draft portability case with tracked cross-dialect result evidence and tracked draft plan evidence,staged,draft package with tracked result evidence and tracked draft plan evidence; release hardening incomplete,mysql|pg|spark,yes,complete,incomplete,staged_not_yet_admitted,human review；portability review-prep packet / later formal review；later admission decision；plan semantics not formally reviewed,parrot_portability_cross_dialect_draft,witness_validated,not_yet_admitted,not_yet_admitted,missing_formal_review_and_portability_review_prep,NA_not_reviewed,2026-04-30,cases/PORT/PORT_0022/runs/plan_check.json
PORT_0023,portability,PARROT,BIRD mysql_res.json[5]；local source datasets/raw/parrot/PARROT/benchmark/BIRD/mysql_res.json[5]；draft origin PORT_DRAFT_0026；tracked cross-dialect result evidence in cases/PORT/PORT_0023/runs/result_check.json；tracked draft plan evidence in cases/PORT/PORT_0023/runs/plan_check.json,external,draft portability case with tracked cross-dialect result evidence and tracked draft plan evidence,staged,draft package with tracked result evidence and tracked draft plan evidence; release hardening incomplete,mysql|pg|spark,yes,complete,incomplete,staged_not_yet_admitted,human review；portability review-prep packet / later formal review；later admission decision；plan semantics not formally reviewed,parrot_portability_cross_dialect_draft,witness_validated,not_yet_admitted,not_yet_admitted,missing_formal_review_and_portability_review_prep,NA_not_reviewed,2026-04-30,cases/PORT/PORT_0023/runs/plan_check.json
PORT_0024,portability,PARROT,BIRD mysql_res.json[18]；local source datasets/raw/parrot/PARROT/benchmark/BIRD/mysql_res.json[18]；draft origin PORT_DRAFT_0027；tracked cross-dialect result evidence in cases/PORT/PORT_0024/runs/result_check.json；tracked draft plan evidence in cases/PORT/PORT_0024/runs/plan_check.json,external,draft portability case with tracked cross-dialect result evidence and tracked draft plan evidence,staged,draft package with tracked result evidence and tracked draft plan evidence; release hardening incomplete,mysql|pg|spark,yes,complete,incomplete,staged_not_yet_admitted,human review；portability review-prep packet / later formal review；later admission decision；plan semantics not formally reviewed,parrot_portability_cross_dialect_draft,witness_validated,not_yet_admitted,not_yet_admitted,missing_formal_review_and_portability_review_prep,NA_not_reviewed,2026-04-30,cases/PORT/PORT_0024/runs/plan_check.json
PORT_0025,portability,PARROT,BIRD mysql_res.json[47]；local source datasets/raw/parrot/PARROT/benchmark/BIRD/mysql_res.json[47]；draft origin PORT_DRAFT_0028；tracked cross-dialect result evidence in cases/PORT/PORT_0025/runs/result_check.json；tracked draft plan evidence in cases/PORT/PORT_0025/runs/plan_check.json,external,draft portability case with tracked cross-dialect result evidence and tracked draft plan evidence,staged,draft package with tracked result evidence and tracked draft plan evidence; release hardening incomplete,mysql|pg|spark,yes,complete,incomplete,staged_not_yet_admitted,human review；portability review-prep packet / later formal review；later admission decision；plan semantics not formally reviewed,parrot_portability_cross_dialect_draft,witness_validated,not_yet_admitted,not_yet_admitted,missing_formal_review_and_portability_review_prep,NA_not_reviewed,2026-04-30,cases/PORT/PORT_0025/runs/plan_check.json
PORT_0026,portability,PARROT,BIRD mysql_res.json[8]；local source datasets/raw/parrot/PARROT/benchmark/BIRD/mysql_res.json[8]；draft origin PORT_DRAFT_0029；tracked cross-dialect result evidence in cases/PORT/PORT_0026/runs/result_check.json；tracked draft plan evidence in cases/PORT/PORT_0026/runs/plan_check.json,external,draft portability case with tracked cross-dialect result evidence and tracked draft plan evidence,staged,draft package with tracked result evidence and tracked draft plan evidence; release hardening incomplete,mysql|pg|spark,yes,complete,incomplete,staged_not_yet_admitted,human review；portability review-prep packet / later formal review；later admission decision；plan semantics not formally reviewed,parrot_portability_cross_dialect_draft,witness_validated,not_yet_admitted,not_yet_admitted,missing_formal_review_and_portability_review_prep,NA_not_reviewed,2026-04-30,cases/PORT/PORT_0026/runs/plan_check.json
PORT_0027,portability,PARROT,BIRD mysql_res.json[13]；local source datasets/raw/parrot/PARROT/benchmark/BIRD/mysql_res.json[13]；draft origin PORT_DRAFT_0030；tracked cross-dialect result evidence in cases/PORT/PORT_0027/runs/result_check.json；tracked draft plan evidence in cases/PORT/PORT_0027/runs/plan_check.json,external,draft portability case with tracked cross-dialect result evidence and tracked draft plan evidence,staged,draft package with tracked result evidence and tracked draft plan evidence; release hardening incomplete,mysql|pg|spark,yes,complete,incomplete,staged_not_yet_admitted,human review；portability review-prep packet / later formal review；later admission decision；plan semantics not formally reviewed,parrot_portability_cross_dialect_draft,witness_validated,not_yet_admitted,not_yet_admitted,missing_formal_review_and_portability_review_prep,NA_not_reviewed,2026-04-30,cases/PORT/PORT_0027/runs/plan_check.json
PORT_0028,portability,PARROT,BIRD mysql_res.json[17]；local source datasets/raw/parrot/PARROT/benchmark/BIRD/mysql_res.json[17]；draft origin PORT_DRAFT_0031；tracked cross-dialect result evidence in cases/PORT/PORT_0028/runs/result_check.json；tracked draft plan evidence in cases/PORT/PORT_0028/runs/plan_check.json,external,draft portability case with tracked cross-dialect result evidence and tracked draft plan evidence,staged,draft package with tracked result evidence and tracked draft plan evidence; release hardening incomplete,mysql|pg|spark,yes,complete,incomplete,staged_not_yet_admitted,human review；portability review-prep packet / later formal review；later admission decision；plan semantics not formally reviewed,parrot_portability_cross_dialect_draft,witness_validated,not_yet_admitted,not_yet_admitted,missing_formal_review_and_portability_review_prep,NA_not_reviewed,2026-04-30,cases/PORT/PORT_0028/runs/plan_check.json
LONGTAIL_0022,longtail,Stack Queries,Stack Queries / SuperUser XML dump substrate；manual/hybrid comments-posts interaction anchor；not direct SEDE source-text case；not SQLStorm source；tracked engine-local result evidence in cases/LONGTAIL/LONGTAIL_0022/runs/result_check.json；tracked engine-local plan evidence in cases/LONGTAIL/LONGTAIL_0022/runs/plan_check.json,manual,PG + MySQL + Spark witness-validated longtail draft with positive/negative pair and PG/MySQL/Spark plan artifacts,staged,formal skeleton complete；release-grade incomplete（PG + MySQL + Spark witness validated + PG/MySQL/Spark plans；manual/hybrid Stack-substrate draft）,pg|mysql|spark,yes,complete,incomplete,staged_not_yet_admitted,human review package quality；prepare longtail review-prep wording；plan semantics not formally reviewed；later admission decision,stack_substrate_manual_longtail_tri_engine_draft,witness_validated,not_yet_admitted,not_under_review,missing_formal_review_only,NA_not_reviewed,2026-05-01,cases/LONGTAIL/LONGTAIL_0022/runs/plan_check.json
LONGTAIL_0023,longtail,Stack Queries,Stack Queries / SuperUser XML dump substrate；manual/hybrid postlinks graph anchor；not direct SEDE source-text case；not SQLStorm source；tracked engine-local result evidence in cases/LONGTAIL/LONGTAIL_0023/runs/result_check.json；tracked engine-local plan evidence in cases/LONGTAIL/LONGTAIL_0023/runs/plan_check.json,manual,PG + MySQL + Spark witness-validated longtail draft with positive/negative pair and PG/MySQL/Spark plan artifacts,staged,formal skeleton complete；release-grade incomplete（PG + MySQL + Spark witness validated + PG/MySQL/Spark plans；manual/hybrid Stack-substrate draft）,pg|mysql|spark,yes,complete,incomplete,staged_not_yet_admitted,human review package quality；prepare longtail review-prep wording；plan semantics not formally reviewed；later admission decision,stack_substrate_manual_longtail_tri_engine_draft,witness_validated,not_yet_admitted,not_under_review,missing_formal_review_only,NA_not_reviewed,2026-05-01,cases/LONGTAIL/LONGTAIL_0023/runs/plan_check.json
LONGTAIL_0024,longtail,Stack Queries,Stack Queries / SuperUser XML dump substrate；manual/hybrid posthistory temporal anchor；not direct SEDE source-text case；not SQLStorm source；tracked engine-local result evidence in cases/LONGTAIL/LONGTAIL_0024/runs/result_check.json；tracked engine-local plan evidence in cases/LONGTAIL/LONGTAIL_0024/runs/plan_check.json,manual,PG + MySQL + Spark witness-validated longtail draft with positive/negative pair and PG/MySQL/Spark plan artifacts,staged,formal skeleton complete；release-grade incomplete（PG + MySQL + Spark witness validated + PG/MySQL/Spark plans；manual/hybrid Stack-substrate draft）,pg|mysql|spark,yes,complete,incomplete,staged_not_yet_admitted,human review package quality；prepare longtail review-prep wording；plan semantics not formally reviewed；later admission decision,stack_substrate_manual_longtail_tri_engine_draft,witness_validated,not_yet_admitted,not_under_review,missing_formal_review_only,NA_not_reviewed,2026-05-01,cases/LONGTAIL/LONGTAIL_0024/runs/plan_check.json
